{
  "user": [
    {
      "id": 1,
      "firstName": "Rahul",
      "lastName": "Lakhvara",
      "email": "rahullaxar@gmail.com",
      "password": "rahul123",
      "retypepassword": "rahul123",
      "myorders": [
        {
          "id": 39,
          "qty": 1,
          "name": "Women Regular Fit Black Viscose Rayon Trousers",
          "url": "https://rukminim1.flixcart.com/image/832/832/xif0q/trouser/z/s/w/free-12300-nest-original-imafsuksraxbqgx6-bb.jpeg?q=70",
          "listPrice": 1499,
          "sellingPrice": 699,
          "delivery": "Free delivery",
          "seller": "CLOUD STAR",
          "brand": "NEST",
          "highlights": [
            "Fit: Regular Fit",
            "Occasion: Casual",
            "Color: Black",
            "Pack of 1",
            "Type: Palazzos",
            "Suitable For Ethnic Wear",
            "Alteration Required: No"
          ],
          "category": "Fashion",
          "addToCart": false,
          "orderID": 10505885809223060,
          "orderDate": "Sun May 07 2023"
        },
        {
          "id": 2,
          "qty": 1,
          "name": "MOTOROLA 6.5 kg Smart Wi-Fi Enabled Inverter Technology Fully Automatic Front Load with In-built Heater Grey  (65FLIWBM5S)",
          "url": "https://rukminim1.flixcart.com/image/832/832/ku1k4280/washing-machine-new/q/8/p/65fliwbm5s-motorola-original-imag79cjewgwgfwh.jpeg?q=70",
          "listPrice": 44499,
          "sellingPrice": 25690,
          "delivery": "Free delivery",
          "seller": "OmniTechRetail",
          "highlights": [
            "Fully Automatic Front Load Washing Machines have Great Wash Quality with very less running cost",
            "1000 rpm : Higher the spin speed, lower the drying time",
            "Number of wash programs - 16",
            "5 Star Rating",
            "6.5 kg"
          ],
          "category": "Appliances",
          "addToCart": false,
          "orderID": 10075896114003422,
          "orderDate": "Sun May 07 2023"
        },
        {
          "id": 2,
          "qty": 1,
          "name": "MOTOROLA 6.5 kg Smart Wi-Fi Enabled Inverter Technology Fully Automatic Front Load with In-built Heater Grey  (65FLIWBM5S)",
          "url": "https://rukminim1.flixcart.com/image/832/832/ku1k4280/washing-machine-new/q/8/p/65fliwbm5s-motorola-original-imag79cjewgwgfwh.jpeg?q=70",
          "listPrice": 44499,
          "sellingPrice": 25690,
          "delivery": "Free delivery",
          "seller": "OmniTechRetail",
          "highlights": [
            "Fully Automatic Front Load Washing Machines have Great Wash Quality with very less running cost",
            "1000 rpm : Higher the spin speed, lower the drying time",
            "Number of wash programs - 16",
            "5 Star Rating",
            "6.5 kg"
          ],
          "category": "Appliances",
          "addToCart": false,
          "orderID": 10075896114003422,
          "orderDate": "Sun May 07 2023"
        },
        {
          "id": 2,
          "qty": 1,
          "name": "MOTOROLA 6.5 kg Smart Wi-Fi Enabled Inverter Technology Fully Automatic Front Load with In-built Heater Grey  (65FLIWBM5S)",
          "url": "https://rukminim1.flixcart.com/image/832/832/ku1k4280/washing-machine-new/q/8/p/65fliwbm5s-motorola-original-imag79cjewgwgfwh.jpeg?q=70",
          "listPrice": 44499,
          "sellingPrice": 25690,
          "delivery": "Free delivery",
          "seller": "OmniTechRetail",
          "highlights": [
            "Fully Automatic Front Load Washing Machines have Great Wash Quality with very less running cost",
            "1000 rpm : Higher the spin speed, lower the drying time",
            "Number of wash programs - 16",
            "5 Star Rating",
            "6.5 kg"
          ],
          "category": "Appliances",
          "addToCart": false,
          "orderID": 10054987633261826,
          "orderDate": "Sun May 07 2023"
        },
        {
          "id": 2,
          "qty": 1,
          "name": "MOTOROLA 6.5 kg Smart Wi-Fi Enabled Inverter Technology Fully Automatic Front Load with In-built Heater Grey  (65FLIWBM5S)",
          "url": "https://rukminim1.flixcart.com/image/832/832/ku1k4280/washing-machine-new/q/8/p/65fliwbm5s-motorola-original-imag79cjewgwgfwh.jpeg?q=70",
          "listPrice": 44499,
          "sellingPrice": 25690,
          "delivery": "Free delivery",
          "seller": "OmniTechRetail",
          "highlights": [
            "Fully Automatic Front Load Washing Machines have Great Wash Quality with very less running cost",
            "1000 rpm : Higher the spin speed, lower the drying time",
            "Number of wash programs - 16",
            "5 Star Rating",
            "6.5 kg"
          ],
          "category": "Appliances",
          "addToCart": false,
          "orderID": 10054987633261826,
          "orderDate": "Sun May 07 2023"
        },
        {
          "id": 2,
          "qty": 1,
          "name": "MOTOROLA 6.5 kg Smart Wi-Fi Enabled Inverter Technology Fully Automatic Front Load with In-built Heater Grey  (65FLIWBM5S)",
          "url": "https://rukminim1.flixcart.com/image/832/832/ku1k4280/washing-machine-new/q/8/p/65fliwbm5s-motorola-original-imag79cjewgwgfwh.jpeg?q=70",
          "listPrice": 44499,
          "sellingPrice": 25690,
          "delivery": "Free delivery",
          "seller": "OmniTechRetail",
          "highlights": [
            "Fully Automatic Front Load Washing Machines have Great Wash Quality with very less running cost",
            "1000 rpm : Higher the spin speed, lower the drying time",
            "Number of wash programs - 16",
            "5 Star Rating",
            "6.5 kg"
          ],
          "category": "Appliances",
          "addToCart": false,
          "orderID": 10054987633261826,
          "orderDate": "Sun May 07 2023"
        },
        {
          "id": 38,
          "qty": 2,
          "name": "Unstitched Viscose Rayon Shirt Fabric Printed",
          "url": "https://rukminim1.flixcart.com/image/832/832/l1tmf0w0/fabric/b/d/l/no-2-25-m-unstitched-na-shirt1-hk-fashion-original-imagdamp8fm9ezev.jpeg?q=70",
          "listPrice": 599,
          "sellingPrice": 269,
          "delivery": "",
          "seller": "Fashionhub22",
          "brand": "HK FASHION",
          "highlights": [
            "Type: Shirt Fabric",
            "Sales Package: 1 shirt fabric",
            "Ideal For Men",
            "Occasion: Casual",
            "Fabric Care: Dry clean only",
            "Style Code: shirt1",
            " Color: Multicolor"
          ],
          "category": "Fashion",
          "addToCart": false,
          "cartListPrice": 1198,
          "cartSellingPrice": 538,
          "orderID": 7328977818336747,
          "orderDate": "Sun May 07 2023"
        },
        {
          "id": 2,
          "qty": 1,
          "name": "MOTOROLA 6.5 kg Smart Wi-Fi Enabled Inverter Technology Fully Automatic Front Load with In-built Heater Grey  (65FLIWBM5S)",
          "url": "https://rukminim1.flixcart.com/image/832/832/ku1k4280/washing-machine-new/q/8/p/65fliwbm5s-motorola-original-imag79cjewgwgfwh.jpeg?q=70",
          "listPrice": 44499,
          "sellingPrice": 25690,
          "delivery": "Free delivery",
          "seller": "OmniTechRetail",
          "highlights": [
            "Fully Automatic Front Load Washing Machines have Great Wash Quality with very less running cost",
            "1000 rpm : Higher the spin speed, lower the drying time",
            "Number of wash programs - 16",
            "5 Star Rating",
            "6.5 kg"
          ],
          "category": "Appliances",
          "addToCart": false,
          "orderID": 3021908789422597,
          "orderDate": "Sun May 21 2023"
        }
      ]
    },
    {
      "firstName": "Jaynti",
      "lastName": "Joshi",
      "email": "JayntiJoshi@gmail.com",
      "password": "jaynti123",
      "retypePassword": "jaynti123",
      "id": 2,
      "myorders": []
    },
    {
      "firstName": "Rohit",
      "lastName": "giri",
      "email": "rohitgiri444@gmail.com",
      "password": "rohit123",
      "retypePassword": "rohit123",
      "id": 3,
      "myorders": []
    },
    {
      "firstName": "Parth",
      "lastName": "Panchal",
      "email": "parthpanchal786@gmail.com",
      "password": "parth123",
      "retypePassword": "parth123",
      "myorders": [],
      "id": 4
    },
    {
      "firstName": "rohit",
      "lastName": "giri",
      "email": "rohitgiri2424@gmail.com",
      "password": "ROHIT123",
      "retypePassword": "ROHIT123",
      "myorders": [],
      "id": 5
    },
    {
      "firstName": "RAHUL",
      "lastName": "LAKHVARA",
      "email": "rahullaxar786@gmail.com",
      "password": "test@121",
      "retypePassword": "test@121",
      "myorders": [],
      "id": 6
    },
    {
      "firstName": "RAHUL",
      "lastName": "LAKHVARA",
      "email": "rahullaxar786@gmail.com",
      "password": "rahul@121",
      "retypePassword": "rahul@121",
      "myorders": [],
      "id": 7
    },
    {
      "firstName": "Jaynti",
      "lastName": "Joshi",
      "email": "JayntiJoshi@gmail.com",
      "password": "test@121",
      "retypePassword": "test@121",
      "myorders": [],
      "id": 8
    },
    {
      "firstName": "Rohit",
      "lastName": "giri",
      "email": "rohitgiri444@gmail.com",
      "password": "test@121",
      "retypePassword": "test@121",
      "myorders": [],
      "id": 9
    },
    {
      "firstName": "Jaynti",
      "lastName": "Joshi",
      "email": "JayntiJoshi@gmail.com",
      "password": "test123",
      "retypePassword": "test123",
      "myorders": [],
      "id": 10
    }
  ],
  "Products": [
    {
      "id": 1,
      "qty": 1,
      "name": "Butterfly Rapid plus / Rapid Plus 5J 750 W Juicer Mixer Grinder (5 Jars, Ink Blue)",
      "url": "https://rukminim1.flixcart.com/image/832/832/ko0d6kw0/mixer-grinder-juicer/0/h/u/plus-butterfly-original-imag2kadbfjzzayj.jpeg?q=70",
      "listPrice": 6499,
      "sellingPrice": 3199,
      "delivery": "Free delivery",
      "seller": "KLPLWORLDRetail",
      "highlights": [
        "Centrifugal Juicer Easy and quick juicing, ideal for larger fruits and veggies",
        "750 W : Higher the Wattage, tougher the Juicing/Grinding",
        " Power Required: AC 230 V, 50 Hz",
        "Revolutions: 20000 RPM",
        "Material: Acrylonitrile Butadiene Styrene Body"
      ],
      "description": "Butterfly Plus Rapid 750 W Mixer Grinder (Ink Blue, 5 Jar)",
      "category": "Appliances",
      "addToCart": false
    },
    {
      "id": 2,
      "qty": 1,
      "name": "MOTOROLA 6.5 kg Smart Wi-Fi Enabled Inverter Technology Fully Automatic Front Load with In-built Heater Grey  (65FLIWBM5S)",
      "url": "https://rukminim1.flixcart.com/image/832/832/ku1k4280/washing-machine-new/q/8/p/65fliwbm5s-motorola-original-imag79cjewgwgfwh.jpeg?q=70",
      "listPrice": 44499,
      "sellingPrice": 25690,
      "delivery": "Free delivery",
      "seller": "OmniTechRetail",
      "highlights": [
        "Fully Automatic Front Load Washing Machines have Great Wash Quality with very less running cost",
        "1000 rpm : Higher the spin speed, lower the drying time",
        "Number of wash programs - 16",
        "5 Star Rating",
        "6.5 kg"
      ],
      "category": "Appliances",
      "addToCart": false
    },
    {
      "id": 3,
      "qty": 1,
      "name": "Aqua Fresh Crystal black LED COPPER+RO+UV+TDS 12 L electric borewell water purifier 12 L RO + UV + Copper Water Purifier  (Black, Copper)",
      "url": "https://rukminim1.flixcart.com/image/832/832/xif0q/water-purifier/j/l/k/crystal-black-led-copper-ro-uv-tds-12-l-electric-borewell-water-original-imaghfd6s8mheugk.jpeg?q=70",
      "listPrice": 15999,
      "sellingPrice": 4949,
      "delivery": "Free delivery",
      "seller": "KLPLWORLDRetail",
      "highlights": [
        "Electrical & Storage : Electric purification - suitable for areas with water shortage",
        "2 L : More the capacity, more the users can be served with drinking water",
        "RO + UV + Copper",
        "5 Star Rating"
      ],
      "Description": "AQUAFRESH PRESENTING LED DISPLAY Like POWER, PURITY, TANK FULL. COPPER FILTER (CARTRIDGE) RANGE OF WATER PURIFIER THAT BRING TOGETHER G00DNESS OF COPPER 3 MICRONUTRIENTS ACTIVE COPPER WITH MAX EFFECT INSTANTLY INFUSES COPPER ICON INTO THE WATER, THE ELECT INFUSES NOT ONLY COPPER BUT OPTIMUM AMOUNT OF OTHER MICRONUTRIENTS LIKE MAGNESIUM, COPPER & ZINC. Aqufresh is a well known brand in water purification technology NYC is a alkaline based water purifier to maintain & enrich water with mineral & maintain PH lavel in water to provide safe , heathy & pure water. Access to clean drinking water is a basic need, and you can enjoy the same with this diamond water purifier. It puts water under a six-stage purification process.removes fine & coarse particulate matter from water,absorbs harmful pesticides & odor-causing organic compounds from water, prevents salts from scaling on membrane layers which improves the membrane's purification capacity & increases its longevity,hazardous chemicals & tiny microbes are removed,disinfects water with UV radiation,improves the clarity of water by removing fine suspended impurities from it, COPPER Filter with active copper that instantly infuses copper ions into water.",
      "category": "Appliances",
      "addToCart": false
    },
    {
      "id": 4,
      "qty": 1,
      "name": "V-Guard iD5 Ace 5540 Voltage Stabilizer  (White)",
      "url": "https://rukminim1.flixcart.com/image/832/832/xif0q/voltage-stabilizer/p/s/q/id5-ace-5540-v-guard-original-imaggwyyq4awpsge.jpeg?q=70",
      "listPrice": 7490,
      "sellingPrice": 5999,
      "delivery": "Free delivery",
      "seller": "VGuardIndustriesLtd",
      "highlights": [
        "Brand: V-Guard",
        "Type: Voltage Stabilizer",
        "Used For AC",
        "Phase: 1",
        "Generator Compatibility: Yes",
        "Cooling: Fan Cooling",
        "Color: White"
      ],
      "category": "Appliances",
      "addToCart": false
    },
    {
      "id": 5,
      "qty": 1,
      "name": "Midea 7 kg 5 Star Fully Automatic Front Load with In-built Heater Grey  (MF100W70/T-IN)",
      "url": "https://rukminim1.flixcart.com/image/832/832/ktlu9ow0/washing-machine-new/v/u/9/7-44-mf100w70-t-in-5-2050-59-5-55-midea-85-original-imag6wrk3pgujzg3.jpeg?q=70",
      "listPrice": 33990,
      "sellingPrice": 24490,
      "delivery": "Free delivery",
      "seller": "OmniTechRetail",
      "highlights": [
        "Fully Automatic Front Load Washing Machines have Great Wash Quality with very less running cost",
        "1200 rpm : Higher the spin speed, lower the drying time",
        "Number of wash programs - 15",
        "5 Star Rating",
        "7 kg"
      ],
      "category": "Appliances",
      "addToCart": false
    },
    {
      "id": 6,
      "qty": 1,
      "name": "BeethoSOL 80 cm (32 inch) HD Ready LED Smart Android TV  (LEDSTVBG3285HD27-EK)",
      "url": "https://rukminim1.flixcart.com/image/832/832/xif0q/television/u/2/8/-original-imaghy7kkmnmgra4.jpeg?q=70",
      "listPrice": 19000,
      "sellingPrice": 7500,
      "delivery": "Free delivery",
      "seller": "BeethoSOL",
      "highlights": [
        "Supported Apps: Netflix|Prime Video|Disney+Hotstar|Youtube",
        "Operating System: Android (Google Assistant & Chromecast in-built)",
        "Resolution: HD Ready 1366 x 768 Pixels",
        "Sound Output: 24 W",
        "Refresh Rate: 60 Hz"
      ],
      "category": "Appliances",
      "addToCart": false
    },
    {
      "id": 7,
      "qty": 1,
      "name": "KODAK 7XPRO Series 80 cm (32 inch) HD Ready LED Smart Android TV  (32HDX7XPRO)",
      "url": "https://rukminim1.flixcart.com/image/832/832/xif0q/television/f/u/j/-original-imaghqqmthxvdazs.jpeg?q=70",
      "listPrice": 18499,
      "sellingPrice": 9499,
      "delivery": "Free delivery",
      "seller": "OmniTechRetail",
      "highlights": [
        "Supported Apps: Prime Video|Disney+Hotstar|Youtube",
        "Operating System: Android (Google Assistant & Chromecast in-built)",
        "Resolution: HD Ready 1366 x 768 Pixels",
        "Sound Output: 24 W",
        "Refresh Rate: 60 Hz"
      ],
      "description": "Give a twist to your home entertainment experience by bringing home the Kodak Android TV. This TV offers a seamless viewing experience as it is powered by a quad-core processor and a powerful GPU. The powerful 24 W speakers and the rich display of this TV ensure that you can enjoy an immersive audio-visual experience at all times.",
      "category": "Appliances",
      "addToCart": false
    },
    {
      "id": 8,
      "qty": 1,
      "name": "Mi 5A 80 cm (32 inch) HD Ready LED Smart Android TV with Dolby Audio (2022 Model)",
      "url": "https://rukminim1.flixcart.com/image/832/832/l2ghgnk0/television/u/a/c/l32m7-5ain-mi-original-imagdsdwqf6bkmkz.jpeg?q=70",
      "listPrice": 24999,
      "sellingPrice": 11999,
      "delivery": "Free delivery",
      "seller": "OmniTechRetail",
      "highlights": [
        "Supported Apps:  Netflix|Prime Video|Disney+Hotstar|Youtube",
        "Operating System: Android (Google Assistant & Chromecast in-built)",
        "Resolution: HD Ready 1366 x 768 Pixels",
        "Sound Output: 24 W",
        "Refresh Rate: 60 Hz"
      ],
      "description": "You can enjoy your favourite movies, catch up on news, and binge-watch TV series on the Xiaomi L32M7-5AIN HD Smart TV. It features an elegant metal frame with a bezel-less design, allowing you to enjoy a widescreen view. In addition, this TV is sure to enhance your aural experience with Dolby Audio, which provides 20 W high-fidelity sound. Furthermore, boasting a HD display and wide colour gamut, this TV provides high-quality visuals.",
      "category": "Appliances",
      "addToCart": false
    },
    {
      "id": 9,
      "qty": 1,
      "name": "SAMSUNG 80 cm (32 Inch) HD Ready LED Smart Tizen TV with 2022 Model",
      "url": "https://rukminim1.flixcart.com/image/832/832/xif0q/television/m/n/p/-original-imagkzctc2gkvfgf.jpeg?q=7",
      "listPrice": 18900,
      "sellingPrice": 12499,
      "delivery": "Free delivery",
      "seller": "RetailNet",
      "highlights": [
        "Supported Apps: Prime Video|Disney+Hotstar|Youtube",
        "Operating System: Android (Google Assistant & Chromecast in-built)",
        "Resolution: HD Ready 1366 x 768 Pixels",
        "Sound Output: 24 W",
        "Refresh Rate: 60 Hz"
      ],
      "description": "With this Samsung TV, every image on the screen comes to life, giving you a home theatre experience. With the HD visual quality of this TV, you can enjoy vibrant movie scenes. Additionally, HDR increases the screen's brightness and brings out the subtleties of the material. Moreover, the Contrast Enhancer on this TV improves contrast and offers superb image quality with increased depth.",
      "category": "Appliances",
      "addToCart": false
    },
    {
      "id": 10,
      "qty": 1,
      "name": "Infinix Y1 80 cm (32 inch) HD Ready LED Smart Linux TV with Wall Mount ",
      "url": "https://rukminim1.flixcart.com/image/832/832/l572ufk0/television/e/f/g/32y1-32y1-infinix-original-imagfxczrxjjwxvf.jpeg?q=70",
      "listPrice": 16999,
      "sellingPrice": 8499,
      "delivery": "Free delivery",
      "seller": "Flashstar Commerce",
      "highlights": [
        "Supported Apps: Prime Video|Disney+Hotstar|Youtube",
        "Operating System: Android (Google Assistant & Chromecast in-built)",
        "Resolution: HD Ready 1366 x 768 Pixels",
        "Sound Output: 24 W",
        "Refresh Rate: 60 Hz"
      ],
      "description": "Bring home the Infinix 32Y1 Smart TV to experience infinite and uninterrupted visuals while watching movies, TV shows, sports, news or more. It features up to 250 Nits of the super bright panel, 1200 (Typ) contrast ratio and HLG support to ensure a fascinating viewing experience. Also, this TV comes with 20 W dual speakers and Dolby audio so that you can have a cinematic surround sound experience while watching movies or listening to music. Driven by a Quad-core processor, it renders a seamless TV watching experience. Furthermore, this Smart TV comes loaded with pre-installed streaming apps like Prime Video, Youtube, SonyLiv, and more to make your TV streaming experience more engaging. Finally, thanks to the innovatively designed remote control, you can effortlessly operate the hotkeys to switch on Youtube and Prime videos on it.",
      "category": "Appliances",
      "addToCart": false
    },
    {
      "id": 11,
      "qty": 1,
      "name": "Atomic Habits - Good bad habits New York Book  (English, Paperback, Clear James)",
      "url": "https://rukminim1.flixcart.com/image/832/832/l5jxt3k0/book/6/r/3/atomic-habits-original-imagg7dr63qqcdxk.jpeg?q=70",
      "language": "English",
      "binding": "Paperback",
      "author": "James Clear",
      "listPrice": 799,
      "sellingPrice": 369,
      "seller": "TrueComRetail",
      "highlights": [
        "Language: English",
        "Binding: Paperback",
        "Publisher: Cornerstone",
        "Genre: Self-Help",
        "ISBN: 9781847941831, 9781847941831",
        "Edition: New edition 2023, 2018",
        "Pages: 320"
      ],
      "description": "THE PHENOMENAL INTERNATIONAL BESTSELLER: OVER 1O MILLION COPIES SOLD WORLDWIDE Transform your life with tiny changes in behaviour, starting now. People think that when you want to change your life, you need to think big. But world-renowned habits expert James Clear has discovered another way. He knows that real change comes from the compound effect of hundreds of small decisions: doing two push-ups a day, waking up five minutes early, or holding a single short phone call. He calls them atomic habits. In this ground-breaking book, Clears reveals exactly how these minuscule changes can grow into such life-altering outcomes. He uncovers a handful of simple life hacks (the forgotten art of Habit Stacking, the unexpected power of the Two Minute Rule, or the trick to entering the Goldilocks Zone), and delves into cutting-edge psychology and neuroscience to explain why they matter. Along the way, he tells inspiring stories of Olympic gold medalists, leading CEOs, and distinguished scientists who have used the science of tiny habits to stay productive, motivated, and happy. These small changes will have a revolutionary effect on your career, your relationships, and your life. ________________________________ A NEW YORK TIMES AND SUNDAY TIMES BESTSELLER 'A supremely practical and useful book.' Mark Manson, author of The Subtle Art of Not Giving A F*ck 'James Clear has spent years honing the art and studying the science of habits. This engaging, hands-on book is the guide you need to break bad routines and make good ones.' Adam Grant, author of Originals 'Atomic Habits is a step-by-step manual for changing routines.' Books of the Month, Financial Times 'A special book that will change how you approach your day and live your life.' Ryan Holiday, author of The Obstacle is the Way",
      "category": "Books",
      "addToCart": false
    },
    {
      "id": 12,
      "qty": 1,
      "name": "The Monk Who Sold His Ferrari  (English, Paperback, Sharma Robin S.)",
      "url": "https://rukminim1.flixcart.com/image/612/612/kirr24w0-0/book/k/k/g/the-monk-who-sold-his-ferrari-original-imafyhgacv9jrgv7.jpeg?q=70",
      "language": "English",
      "binding": "Paperback",
      "author": "Sharma Robin S.",
      "listPrice": 250,
      "sellingPrice": 169,
      "seller": "SDVKRETAIL",
      "highlights": [
        "Language: English",
        "Binding: Paperback",
        "Publisher: Jaico Publishing House",
        "Genre: Self-Help",
        "ISBN: 9788179921623, 9788179921623",
        "Pages: 202"
      ],
      "description": "The international best-seller, The Monk Who Sold His Ferrari, is a self-help book and a business fable that will encourage you to follow your life's mission and calling.Robin Sharma's The Monk Who Sold His Ferrari is the story of a highly successful fictional lawyer, Julian Mantle. At the peak of his career, he sells his mansion and Ferrari to go on a spiritual journey in the Himalayan mountains to study the seven virtues of the Sages of Sivana. The mysteries of life and the power of self unfolds as Mantle interacts with his best friend, John, and discusses his journey.",
      "category": "Books",
      "addToCart": false
    },
    {
      "id": 13,
      "qty": 1,
      "name": "Rich Dad Poor Dad  (English, Paperback, Kiyosaki Robert T.)",
      "url": "https://rukminim1.flixcart.com/image/832/832/xif0q/regionalbooks/3/v/4/rich-dad-poor-dad-original-imaghx8yzyqhpszg.jpeg?q=70",
      "language": "English",
      "binding": "Paperback",
      "author": "Robert.T.Kiyosaki",
      "listPrice": 1000,
      "sellingPrice": 400,
      "seller": "TrueComRetail",
      "highlights": [
        "Language: English",
        "Binding: Paperback",
        "Publisher: Plata Publishing",
        "Genre: Business & Economics",
        "ISBN: 9781612681139",
        "Pages: 336"
      ],
      "description": "April of 2022 marks a 25-year milestone for the personal finance classic Rich Dad Poor Dad that still ranks as the #1 Personal Finance book of all time. And although 25 years have passed since Rich Dad Poor Dad was first published,readers will find that very little in the book itself has changed - and forgood reason. While so much in our world is changing a high speed, the lessons about money and the principles of Rich Dad Poor Dad haven't changed. Today, as money continues to play a key role in our daily lives, the messages in Robert Kiyosaki's international bestseller are more timely and more important than ever. Milestones While there is a milestone to commemorate - and a new section in the book on Why Milestones Are Important- preserving the integrity of the original content is testimony to the factthat this book has truly stood the test of time. The sidebars throughout thebook (that were updated for the 20-year anniversary edition) have been updated again, but the core principles that parents and grandparents - those whoembraced Robert's story and messages 25 years ago - are sharing them with newgenerations who have found that its timeless wisdom and no-nonsense lessons canbe applied to anyone's life and their vision for a future that includes takingcontrol of their finances. People of all cultures and countries celebrate milestones. We use them to measure time, mark progress, reflect on the lessons we've learned, andcelebrate accomplishments... and they give meaning to our life's journey.",
      "category": "Books",
      "addToCart": false
    },
    {
      "id": 14,
      "qty": 1,
      "name": "The Power Of Your Subconscious Mind  (Paperback, Joseph Murphy)",
      "url": "https://rukminim1.flixcart.com/image/612/612/jz30nm80/book/9/5/8/the-power-of-your-subconscious-mind-original-imafj6g2gsspmh9c.jpeg?q=70",
      "language": "English",
      "binding": "Paperback",
      "author": "Dr Murphy Joseph",
      "listPrice": 395,
      "sellingPrice": 275,
      "seller": "Rkk28",
      "highlights": [
        "Language: English",
        "Binding: Paperback",
        "Publisher: Cornerstone",
        "Genre: Self-Help",
        "ISBN: 9781847941831, 9781847941831",
        "Edition: New edition 2023, 2018",
        "Pages: 320"
      ],
      "description": "This is where this book acts as a guide and allows you to decipher the depths of the sub-conscious. In this book, 'The power of your subconscious mind', the author fuses his spiritual wisdom and scientific research to bring to light how the sub-conscious mind can be a major influence on our daily lives.",
      "category": "Books",
      "addToCart": false
    },
    {
      "id": 15,
      "qty": 1,
      "name": "The Psychology Of Money  (Paperback, Morgan Housel)",
      "url": "https://rukminim1.flixcart.com/image/612/612/xif0q/regionalbooks/u/1/w/the-psychology-of-money-paperback-15-july-2021-original-imag6z2zzvjrgtn6.jpeg?q=70",
      "language": "English",
      "binding": "Paperback",
      "author": "Housel Morgan",
      "listPrice": 599,
      "sellingPrice": 175,
      "seller": "Bttbook",
      "highlights": [
        "Language: English",
        "Binding: Paperback",
        "Publisher: Jaico Publishing House",
        "ISBN: 9781847941831, 9781847941831",
        "Edition: New edition 2022, 2019",
        "Pages: 268"
      ],
      "description": "N/A",
      "category": "Books",
      "addToCart": false
    },
    {
      "id": 16,
      "qty": 1,
      "name": "Success Through a Positive Mental Attitude - The World-Famous Book That Could Be Worth Millions to You !  (English, Paperback, Hill Napoleon)",
      "url": "https://rukminim1.flixcart.com/image/832/832/kqidx8w0/book/q/z/c/success-through-a-positive-mental-attitude-original-imag4huvjkzz69uz.jpeg?q=70",
      "listPrice": 199,
      "sellingPrice": 112,
      "delivery": "",
      "seller": "SUGSHAANnet",
      "language": "English",
      "binding": "Paperback",
      "author": "Hill Napoleon",
      "highlights": [
        "Language: English",
        "Binding: Paperback",
        "Publisher: Fingerprint! Publishing",
        "Genre: Self-Help",
        "ISBN: 9789388369749, 9388369742",
        "Edition: 2018",
        "Pages: 320"
      ],
      "description": "What the mind of man can conceive and believe—the mind of man can achieve . . .” By helping you recognize the important person that you are and making you believe that you can change your world, this book helps you discover and unleash the power of your mental attitude. It guides you through the secret of getting things done, motivating yourself, motivating others, finding satisfaction in your job, raising your energy level, enjoying a good and healthy life and attracting happiness. A timeless self-improvement classic, Success Through a Positive Mental Attitude has helped millions of people discover their hidden powers and achieve success. It continues to lead its readers towards their maximum potential.",
      "category": "Books",
      "addToCart": false
    },
    {
      "id": 17,
      "qty": 1,
      "name": "The Diary of a Young Girl The Definitive Edition of the Worlds Most Famous Diary",
      "url": "https://rukminim1.flixcart.com/image/832/832/ku5ufm80/book/f/2/v/the-diary-of-a-young-girl-the-definitive-edition-of-the-worlds-original-imag7c864spxmkyf.jpeg?q=70",
      "listPrice": 250,
      "sellingPrice": 232,
      "delivery": "Free delivery",
      "seller": "Mittal Books",
      "language": "English",
      "binding": "Paperback",
      "author": "Hill Napoleon",
      "highlights": [
        "Language: English",
        "Binding: Paperback",
        "Publisher: Fingerprint! Publishing",
        "Genre: Self-Help",
        "ISBN: 9789388369749, 9388369742",
        "Edition: 2018",
        "Pages: 320"
      ],
      "description": "What the mind of man can conceive and believe—the mind of man can achieve . . .” By helping you recognize the important person that you are and making you believe that you can change your world, this book helps you discover and unleash the power of your mental attitude. It guides you through the secret of getting things done, motivating yourself, motivating others, finding satisfaction in your job, raising your energy level, enjoying a good and healthy life and attracting happiness. A timeless self-improvement classic, Success Through a Positive Mental Attitude has helped millions of people discover their hidden powers and achieve success. It continues to lead its readers towards their maximum potential.",
      "category": "Books",
      "addToCart": false
    },
    {
      "id": 18,
      "qty": 1,
      "name": "71 Famous Scientists (English, Paperback, unknown)",
      "url": "https://rukminim1.flixcart.com/image/832/832/k6b2snk0/book/7/4/3/71-famous-scientists-original-imafzsmp4vhxbjyg.jpeg?q=70",
      "listPrice": 250,
      "sellingPrice": 177,
      "delivery": "Free delivery",
      "seller": "Mittal Books",
      "language": "English",
      "binding": "Paperback",
      "author": "unknown",
      "highlights": [
        "Language: English",
        "Binding: Paperback",
        "Publisher: V&S Publishers",
        "Genre: Biography & Autobiography",
        "ISBN: 9789350571743, 9789350571743",
        "Edition: 2018",
        "Pages: 160"
      ],
      "description": "The book,71 Famous Scientists is an addition to the exclusive ufffd71 Series',which includes a number of books,such as 71 Science Experiments,71+10 New Science Projects,71 + 10 New Science Projects Junior,71+10 New Science Activities,71+10 Magic Tricks for Children,etc.published by V&S Publishers and widely appreciated by our esteemed readers. It contains 71 world-renowned Scientists from across the globe,their brief life histories,contributions to the Scientific World including the books,journals and magazines that they have published,Awards and Honours received by them and any significant happenings that have changed the course of our lives.The book includes prominent names like,Albert Einstein,Alessandro Volta,Alexander Fleming,Alexander Graham Bell,Alfred Nobel,Avogadro,Anders Celsius,Andre Marie Ampere,Antonie van Leeuwenhoek and many such notable personalities. The book has been written especially for the school students of the age group,10-18 years,but can be read by readers of all ages,who love Science and its amazing and fascinating World of outstanding Inventions and Discoveries that have transformed the human society and our existence! So Dear Readers,grab the book at the earliest for it will educate and interest one and all! #v&spublishers",
      "category": "Books",
      "addToCart": false
    },
    {
      "id": 19,
      "qty": 1,
      "name": "The Famous Five Collection 5  (English, Paperback, Blyton Enid)",
      "url": "https://rukminim1.flixcart.com/image/832/832/jz1l7rk0/book/1/7/6/the-famous-five-collection-5-original-imaerxe2sxfnuphp.jpeg?q=70",
      "listPrice": 749,
      "sellingPrice": 395,
      "delivery": "",
      "seller": "NSPRetail",
      "language": "English",
      "binding": "Paperback",
      "author": "Blyton Enid",
      "highlights": [
        "Language: English",
        "Binding: Paperback",
        "Publisher: Hachette Children's Group",
        "Genre: Juvenile Fiction",
        "ISBN: 9781444910582, 1444910582",
        "Edition: 2012",
        "Pages: 592"
      ],
      "description": "Julian, Dick, Anne, George and Timmy the dog find excitement and adventure wherever they go in Enid Blyton's most popular series. Five On A Treasure Island A shipwreck off Kirrin Island! But where is the treasure? The Famous Five are searching for clues - but they're not alone ... Someone else has joined the treasure hunt. Five Go Adventuring Again A thief at Kirrin Cottage! Who can it be? The Famous Five think they know - but they need proof! Then they find an old map and an unusual hiding place... Five Run Away Together Who's been on George's Island? And what is locked in the mysterious trunk hidden on Kirrin Island? The Famous Five think they're on the trail of smugglers - until they hear a child scream... This 70th anniversary edition features the Classic editions of the first three Famous Five adventures in one volume and contains the original cover art and inside drawings by Eileen Soper.",
      "category": "Books",
      "addToCart": false
    },
    {
      "id": 20,
      "qty": 1,
      "name": "Before You Start Up  (Hindi, Paperback, Goyal Pankaj)",
      "url": "https://rukminim1.flixcart.com/image/832/832/l59xq4w0/book/i/5/k/before-you-start-up-original-imagfznyys8qgxbn.jpeg?q=70",
      "listPrice": 199,
      "sellingPrice": 149,
      "delivery": "Free delivery",
      "seller": "NSPRetail",
      "language": "Hindi",
      "binding": "Paperback",
      "author": "Dubey Abhay Kumar",
      "highlights": [
        "Language: Hindi",
        "Binding: Paperback",
        "Publisher: Prakash Books",
        "Genre: Business & Economics",
        "ISBN: 9789389931471, 9789389931471",
        "Pages: 224"
      ],
      "category": "Books",
      "addToCart": false
    },
    {
      "id": 21,
      "qty": 1,
      "name": "Life's Amazing Secrets  (English, Paperback, Das Gaur Gopal)",
      "url": "https://rukminim1.flixcart.com/image/832/832/ki7qw7k0-0/book/8/g/1/life-s-amazing-secrets-original-imafyfb8sjah7zbh.jpeg?q=70",
      "listPrice": 250,
      "sellingPrice": 175,
      "delivery": "",
      "seller": "SDVKRETAIL",
      "language": "English",
      "binding": "Paperback",
      "author": "Das Gaur Gopal",
      "highlights": [
        "Language: English",
        "Binding: Paperback",
        "Publisher: Penguin Random House India Pvt. Ltd",
        "Genre: Self-Help",
        "ISBN: 9780143442295, 0143442295",
        "Edition: 2019, 2018",
        "Pages: 256"
      ],
      "description": "Life's Amazing Secrets: How to Find Balance and Purpose in Your Life is an engaging philosophical book that deals with deep and meaningful conversations on life between Gaur Gopal Das himself and his wealthy friend Harry. The conversation ranges from human conditions to finding one's purpose in life. Whether you are on a journey to discover your true potential in life, looking for ways to strengthen your relationships or keys to stay happy in life, the author takes you through a beautiful journey with his insightful thoughts on these areas of life. Read this book to undertake this journey and discover the real you in the process.",
      "category": "Books",
      "addToCart": false
    },
    {
      "id": 22,
      "qty": 1,
      "name": "Time Management  (Hindi, Paperback, Dixit Sudhir)",
      "url": "https://rukminim1.flixcart.com/image/832/832/kn4xhu80/book/v/a/w/time-management-original-imagfvk27fjdrakc.jpeg?q=70",
      "listPrice": 150,
      "sellingPrice": 145,
      "delivery": "Free delivery",
      "seller": "Global Retail Ventures",
      "language": "Hindi",
      "binding": "Paperback",
      "author": "Dixit Sudhir",
      "highlights": [
        "Language: Hindi",
        "Binding: Paperback",
        "Publisher: Manjul Publishing House Pvt Ltd",
        "Genre: Fiction",
        "ISBN: 9788183220187, 9788183220187",
        "Edition: 2011, 2018",
        "Pages: 127"
      ],
      "description": " Time Management (Hindi) is an informative and authoritative guide to time management. This book is written in Hindi.Time Management is a handy reference to managing time efficiently and competently. The author includes thirty principles which will enable readers to plan their day and organize their work better. This book is essential for those who want to learn how to manage their time better.",
      "category": "Books",
      "addToCart": false
    },
    {
      "id": 23,
      "qty": 1,
      "name": "D.C.Dutta's Textbook of Obstetrics  (Paperback, Hiralal Konar)",
      "url": "https://rukminim1.flixcart.com/image/832/832/xif0q/book/e/x/d/dc-dutta-s-textbook-of-obstetrics-11-december-2022-original-imagkvyfz89xbrqj.jpeg?q=70",
      "listPrice": 1495,
      "sellingPrice": 1249,
      "delivery": "Free delivery",
      "seller": "Global Retail Ventures",
      "language": "English",
      "binding": "Paperback",
      "author": "Hiralal Konar",
      "highlights": [
        "Language: English",
        "Binding: Paperback",
        "Publisher: Jaypee Brothers Medical Publishers",
        "Genre: MEDICAL",
        "ISBN: 9789354659027",
        "Edition: 10th, 2022",
        "Pages: 696"
      ],
      "description": "This tenth edition reflects the authoritative resource on comprehensive obstetric and perinatal care. The language throughout the text is crisp, lucid and unambiguous. Information is consistent and uniform across all the chapters. Enriched with numerous colored boxes, tables, flowcharts, illustrations, line drawings, MR images, ultrasonograms, skiagrams and key points for quick revision and fast learning without going through the text. All the chapters have been thoroughly updated and restructured to reflect the contemporary obstetric care with quality. Focuses on evidence-based knowledge. Core knowledge (must-know area) has been highlighted. Standardized headings with different styles are for quick pick-up, comfortable reading, and easy reproduction. Guidelines and recommendations of professional and academic organizations have been highlighted. These highlighted matters are the must know for the individual topics discussed. They are the answers to the questions which the students are frequently tested on. The Kernel and the Beyond Series are an extra addition. Its contents are structured to meet the one-to-one understanding of the topics for the examination point of view. It would meet the requirements for the undergraduates, postgraduates and nursing students. The QR codes used in several topics in the book highlight the extra reading matters for advanced learning. This is an approach to encourage and prepare the postgraduate students for their various examinations. Indispensable for trainee residents, and different postgraduate entrance examinations in India and overseas. Equally informative to nursing students, midwives, homeopathic and ayurvedic students, as well as general practitioners and practicing obstetricians.",
      "category": "Books",
      "addToCart": false
    },
    {
      "id": 24,
      "qty": 1,
      "name": "World Famous Unsolved Mysteries 1 Edition  (English, Paperback, Dubey Abhay Kumar)",
      "url": "https://rukminim1.flixcart.com/image/832/832/l3j2cnk0/book/a/c/p/-original-imagemu7gqznex5b.jpeg?q=70",
      "listPrice": 195,
      "sellingPrice": 122,
      "delivery": "Free delivery",
      "seller": "Global Retail Ventures",
      "language": "English",
      "binding": "Paperback",
      "author": "Dubey Abhay Kumar",
      "highlights": [
        "Language: English",
        "Binding: Paperback",
        "Publisher:  V&S Publishers",
        "Genre: Drama",
        "ISBN:  9789381384329, 9789381384329",
        "Edition: 1",
        "Pages: 136"
      ],
      "description": "If you are tired or bored with routine - or simply want to relax after busy work schedule, this book will prove the best companion. In fact, thrillers have always fascinated the young and old alike. There is no clear-cut demarcation line between myth and history, or between appearance and reality. Many mysteries have been solved but there are still many more which have remained unsolved and defied all rational explanations.",
      "category": "Books",
      "addToCart": false
    },
    {
      "id": 25,
      "qty": 1,
      "name": "Sunderkand  (Hindi, Paperback, Tulsidas Goswami)",
      "url": "https://rukminim1.flixcart.com/image/832/832/kqidx8w0/book/h/c/u/sunderkand-original-imag4hzzqgcv94z9.jpeg?q=70",
      "listPrice": 149,
      "sellingPrice": 99,
      "delivery": "Free delivery",
      "seller": "SUGSHAANnet",
      "language": "Hindi",
      "binding": "Paperback",
      "author": "Tulsidas Goswami",
      "highlights": [
        "Language: Hindi",
        "Binding: Paperback",
        "Publisher: Fingerprint! Publishing",
        "Genre: Literary Criticism",
        "ISBN: 9789389053050, 9389053056",
        "Edition: 2019",
        "Pages: 120"
      ],
      "description": "Sunderkand, believed to be the most beautiful (Sunder) part of the Ramayana, describes Lord Hanuman's journey to Lanka. This book elucidates his pristine lifestyle, following which brings karmic and spiritual knowledge, and bhakti (Devotion) in one's life. It is even believed that when one reads the Sunderkand, Lord Hanuman himself graces the reader with his presence. Carrying the entire text and explanation of the Sunderkand, Shri Hanuman Chalisa, and Sankatmochan Hanumanashtak, this edition also contains aartis of Lord Ganesh, Lord Ram, and Lord Hanuman.About the AuthorGoswami Tulsidas was one of the greatest bhakti poets of all time. Born in the early sixteenth century, the exact place and time of his birth is unknown. A lot of conjecture has been made about his early life. He had a full set of teeth when he was born, his mother died a day after his birth so his father abandoned him, and he even met the god Hanuman. Tulsidas is also believed to be the avatar of Maharishi Valmiki, the writer of the epic Ramayana. allegedly, after a fight with his wife, Tulsidas decided to embark on a pilgrimage and began immersing himself in his devotion to god. His epic, Ramcharitamanas, is a work that has had an immense influence on Indian culture and society.",
      "category": "Books",
      "addToCart": false
    },
    {
      "id": 26,
      "qty": 1,
      "name": "OPPO Enco Buds 2 with 28 hours Battery life & Deep Noise Cancellation Bluetooth Headset  (Midnight, True Wireless)",
      "url": "https://rukminim1.flixcart.com/image/832/832/xif0q/headphone/p/r/z/enco-buds-2-oppo-original-imagh9frfp7gxdb3.jpeg?q=70",
      "listPrice": 3999,
      "sellingPrice": 1799,
      "delivery": "Free delivery",
      "seller": "BUZZINDIA",
      "highlights": [
        "With Mic:Yes",
        "Bluetooth version: 5.2",
        "Battery life: 28 hrs | Charging time: 1.5 hrs",
        "10mm Dynamic Bass Boost Driver - Powerful & Rhythmic Bass",
        "Enco Live Stereo Sound Effects | Dolby Atmos",
        "AI Deep Noise Cancellation | 80ms Ultra Low Latency game mode",
        "Intelligent Touch Controls | IPX4 Water Resistant"
      ],
      "category": "Electronics",
      "addToCart": false
    },
    {
      "id": 27,
      "qty": 1,
      "name": "OnePlus Bullets Wireless Z2 Bluetooth Headset  (Acoustic Red, In the Ear)",
      "url": "https://rukminim1.flixcart.com/image/832/832/l4ei1e80/headphone/b/j/w/bullets-wireless-z2-oneplus-original-imagfaww7ga6nshz.jpeg?q=70",
      "listPrice": 2299,
      "sellingPrice": 1999,
      "delivery": "Free delivery",
      "seller": "CORSECA",
      "highlights": [
        "With Mic:Yes",
        "Bluetooth version: 5.2",
        "Battery life: 20 hrs | Charging time: 1.5 hrs",
        "12mm Dynamic Bass Boost Driver - Powerful & Rhythmic Bass"
      ],
      "category": "Electronics",
      "addToCart": false
    },
    {
      "id": 28,
      "qty": 1,
      "name": "NOVA NHT 1052 USB Trimmer 90 min Runtime 40 Length Settings  (Black)",
      "url": "https://rukminim1.flixcart.com/image/832/832/koenl3k0/trimmer/k/d/f/0-5-20-mm-stainless-steel-nht-1052-usb-corded-cordless-nova-original-imag2v6sawwdgxp4.jpeg?q=70",
      "listPrice": 1995,
      "sellingPrice": 799,
      "delivery": "Free delivery",
      "seller": "Amazestore",
      "highlights": [
        "Blade Material: Stainless Steel",
        "Trimming Range: 0.5 - 20 mm",
        "90 min battery run time",
        "40 length settings",
        "Gender: Men",
        "For Body Grooming, Beard & Moustache, Hair Clipping"
      ],
      "description": "Now achieve a neat and trim look at home with this nova trimmer. While its 0.5 mm precision blades give you the ideal look, its ergonomic design and 90 mins run time helps you hold it comfortably while trimming uninteruptly . Also, it comes with Dual Cut blades and One pass even trim Technology which cuts the hair 35 % faster than any other trimmer. The 40 precision length settings gives an added advantage to choose the length of your desired choice.",
      "category": "Electronics",
      "addToCart": false
    },
    {
      "id": 29,
      "qty": 1,
      "name": "BAJAJ Majesty DX 6 1000 W Dry Iron  (White)",
      "url": "https://rukminim1.flixcart.com/image/832/832/ksez24w0/iron/b/8/e/majesty-dx-6-bajaj-original-imag5zqbxnpua52a.jpeg?q=70",
      "listPrice": 920,
      "sellingPrice": 625,
      "delivery": "Free delivery",
      "seller": "KLPLWORLDRetail",
      "highlights": [
        "Spray: No",
        "Soleplate Type: American Heritage Non Stick Soleplate"
      ],
      "description": "You don't need to wear fancy clothes from high-end brands to look presentable. Wearing neatly ironed clothes is enough to look your best. Get this 1000 W Bajaj dry iron and remove all those stubborn creases and wrinkles off your clothes.Equipped with an American Heritage non-stick soleplate, this iron glides through your fabric smoothly and removes all the wrinkles.Hold this iron and glide through the fabric easily - its cool-touch body provides a comfortable grip and its swivel cord ensures easily gliding throughout the fabric.",
      "category": "Electronics",
      "addToCart": false
    },
    {
      "id": 30,
      "qty": 1,
      "name": "Pigeon Favourite Electric Kettle  (1.5 L, Silver, Black)",
      "url": "https://rukminim1.flixcart.com/image/832/832/xif0q/electric-kettle/w/g/r/-original-imaggkhdr4thnypr.jpeg?q=70",
      "listPrice": 1245,
      "sellingPrice": 599,
      "delivery": "Free delivery",
      "seller": "KLPLWORLDRetail",
      "highlights": [
        "Material: Stainless Steel",
        "Water, Tea & Soups"
      ],
      "description": "You can easily make tea, coffee, instant noodles, andmore with the help of the Pigeon Favourite Electric Kettle. With its easy-grip cool-touch handle, this electric kettle enables you to pour your beverages easily and comfortably. Thanks to its power consumption of up to 1200 W, this electric kettle offers optimal performance while conserving energy. Designed using high-quality stainless steel, this electric kettle offers safety and long-lasting performance. Furthermore, it boasts a 360-degree cordless design that lets you conveniently move it in any direction.",
      "category": "Electronics",
      "addToCart": false
    },
    {
      "id": 31,
      "qty": 1,
      "name": "ASUS TUF Gaming F15 Core i5 10th Gen - (8 GB/512 GB SSD/Windows 11 Home/4 GB Graphics/NVIDIA GeForce GTX 1650/144 Hz)",
      "url": "https://rukminim1.flixcart.com/image/832/832/l3rmzrk0/computer/s/z/r/-original-imagetgzg4pgszmt.jpeg?q=70",
      "listPrice": 70999,
      "sellingPrice": 49999,
      "delivery": "Free delivery",
      "seller": "TBL Online",
      "highlights": [
        "NVIDIA GeForce GTX 1650",
        "15.6 inch Full HD, IPS level, Aspect Ratio: 16:9, Anti-glare Display, Refresh Rate: 144 Hz, Viewing Angle: 170/170, Brightness: 250 nits, Contrast: 1000:1, 45% NTSC%, 62.5% SRGB%, 47.1% Adobe%,",
        "Light Laptop without Optical Disk Drive"
      ],
      "description": "Raise the thrill in every game and add a little style to your gaming setup with the Asus TUF Gaming F15 laptop. It is equipped with a 10th Gen Intel Core H-Series processor and GeForce GTX 1650 GPU so that you can experience fast-paced and smooth gaming. And, with the desktop-style Keyboard setup and integrated backlights, you can indulge in gaming for hours without getting bored.",
      "category": "Electronics",
      "addToCart": false
    },
    {
      "id": 32,
      "qty": 1,
      "name": "ASUS Vivobook 15 Core i3 11th Gen - (8 GB/512 GB SSD/Windows 11 Home)",
      "url": "https://rukminim1.flixcart.com/image/832/832/xif0q/computer/o/t/h/-original-imagg6t9pauha4t7.jpeg?q=70",
      "listPrice": 50990,
      "sellingPrice": 35990,
      "delivery": "Free delivery",
      "seller": "TBL Online",
      "highlights": [
        "Stylish & Portable Thin and Light Laptop",
        "15.6 Inch Full HD 16:9 Aspect ratio, LED Backlit, 200nits, 45% NTSC Color Gamut, Anti-glare display",
        "Finger Print Sensor for Faster System Access",
        "Light Laptop without Optical Disk Drive"
      ],
      "description": "Raise the thrill in every game and add a little style to your gaming setup with the Asus TUF Gaming F15 laptop. It is equipped with a 10th Gen Intel Core H-Series processor and GeForce GTX 1650 GPU so that you can experience fast-paced and smooth gaming. And, with the desktop-style Keyboard setup and integrated backlights, you can indulge in gaming for hours without getting bored.",
      "category": "Electronics",
      "addToCart": false
    },
    {
      "id": 33,
      "qty": 1,
      "name": "ASUS VivoBook 14 (2021) Celeron Dual Core - (4 GB/256 GB SSD/Windows 11 Home)",
      "url": "https://rukminim1.flixcart.com/image/832/832/l2m78280/computer/z/e/f/-original-imagdx9szs8xz2rk.jpeg?q=70",
      "listPrice": 33990,
      "sellingPrice": 21990,
      "delivery": "Free delivery",
      "seller": "TBL Online",
      "highlights": [
        "Stylish & Portable Thin and Light Laptop",
        "14 inch HD 16:9 aspect ratio, 200nits, 45% NTSC color gamut, Anti-glare display",
        "Finger Print Sensor for Faster System Access",
        "Light Laptop without Optical Disk Drive"
      ],
      "description": "The Asus VivoBook 14 laptop, which has a variety of captivating features, allows you to maintain your optimum performance and smoothly enjoy both work and pleasure. The NanoEdgedisplay on this laptop gives it a huge screen area and an immersive viewing experience for both work and leisure. Furthermore, this laptop meets your demands for multitasking thanks to the Intel CPU. Additionally, this laptop provides both a lot of storage capacity and lightning-fast data speed thanks to its dual storage arrangement.",
      "category": "Electronics",
      "addToCart": false
    },
    {
      "id": 34,
      "qty": 1,
      "name": "RedmiBook Pro Core i5 11th Gen - (8 GB/512 GB SSD/Windows 11 Home)",
      "url": "https://rukminim1.flixcart.com/image/832/832/kuwzssw0/computer/x/l/a/redmibook-15-pro-thin-and-light-laptop-redmi-original-imag7xhnakyazyma.jpeg?q=70",
      "listPrice": 59999,
      "sellingPrice": 39990,
      "delivery": "Free delivery",
      "seller": "RetailNet",
      "highlights": [
        "Stylish & Portable Thin and Light Laptop",
        "15.6 inch Full HD Anti glare display, 81.8% Screen to Body ratio and DC Dimming",
        "Light Laptop without Optical Disk Drive"
      ],
      "description": "Equipped with the 11th Generation TigerLake Intel Core i5-11300H H35 processor, the RedmiBook Pro Notebook delivers superior performance. So, whether you want to use it for work or to watch videos or play games, this notebook helps meet all your computing requirements.Thanks to its 39.62 cm (15.6) anti-glare display, which boasts Full HD resolution, this notebook renders lifelike picture quality. This means that you can have a great visual experience while watching your favourite videos, movies, or while working on graphic-rich presentations.",
      "category": "Electronics",
      "addToCart": false
    },
    {
      "id": 35,
      "qty": 1,
      "name": "HP Victus Ryzen 5 Hexa Core 5600H - (8 GB/512 GB SSD/Windows 11 Home/4 GB Graphics/NVIDIA GeForce GTX 1650/144 Hz) ",
      "url": "https://rukminim1.flixcart.com/image/832/832/l5bd5zk0/computer/l/e/k/15-fb0040ax-gaming-laptop-hp-original-imaggyuezf9qtypd.jpeg?q=70",
      "listPrice": 77595,
      "sellingPrice": 54990,
      "delivery": "Free delivery",
      "seller": "IndiFlashMart",
      "highlights": [
        "NVIDIA GeForce GTX 1650",
        "15.6 Inch Full HD, 144 Hz, 9 ms response time, IPS, micro-edge, anti-glare, 250 nits, 45% NTSC",
        "Light Laptop without Optical Disk Drive",
        "Preloaded with MS Office"
      ],
      "description": "Equipped with the 11th Generation TigerLake Intel Core i5-11300H H35 processor, the RedmiBook Pro Notebook delivers superior performance. So, whether you want to use it for work or to watch videos or play games, this notebook helps meet all your computing requirements.Thanks to its 39.62 cm (15.6) anti-glare display, which boasts Full HD resolution, this notebook renders lifelike picture quality. This means that you can have a great visual experience while watching your favourite videos, movies, or while working on graphic-rich presentations.",
      "category": "Electronics",
      "addToCart": false
    },
    {
      "id": 36,
      "qty": 1,
      "name": "Embroidered Bollywood Net, Art Silk Saree  (Dark Blue, Grey)",
      "url": "https://rukminim1.flixcart.com/image/832/832/xif0q/sari/s/2/w/free-grey-g-jelly-fashion-tree-unstitched-original-imaghqskfmqv4fey.jpeg?q=70",
      "listPrice": 2999,
      "sellingPrice": 599,
      "delivery": "Free delivery",
      "seller": "GJELLYFASHIONTREE",
      "brand": "G JELLY FASHION TREE ",
      "highlights": [
        "Style Code : Grey",
        "Pattern: Embroidered",
        "Pack of: 1",
        "Secondary Color: Grey",
        "Occasion: Casual, Party & Festive, Wedding, Wedding & Festive",
        "Decorative Material: Mirror",
        "Embroidery Method: Machine"
      ],
      "category": "Fashion",
      "addToCart": false
    },
    {
      "id": 37,
      "qty": 1,
      "name": "Girls Party(Festive) Dress Cap  (Grey)",
      "url": "https://rukminim1.flixcart.com/image/832/832/k6ci8i80/kids-apparel-combo/t/e/y/10-11-years-capfrock-ftc-fashions-original-imafkzcdegdyzkfy.jpeg?q=70",
      "listPrice": 999,
      "sellingPrice": 190,
      "delivery": "",
      "seller": "NIKUNJFASHION",
      "brand": "FTC FASHIONS ",
      "highlights": [
        "Sales Package: 1 Frock, 1 Cap",
        "Style code: CAPFROCK",
        "Size: 1 - 2 Years",
        "Brand color: Multicolor",
        "Label size: 18",
        "Ideal for Girls",
        "Primary product type: Dress"
      ],
      "category": "Fashion",
      "addToCart": false
    },
    {
      "id": 38,
      "qty": 1,
      "name": "Unstitched Viscose Rayon Shirt Fabric Printed",
      "url": "https://rukminim1.flixcart.com/image/832/832/l1tmf0w0/fabric/b/d/l/no-2-25-m-unstitched-na-shirt1-hk-fashion-original-imagdamp8fm9ezev.jpeg?q=70",
      "listPrice": 599,
      "sellingPrice": 269,
      "delivery": "",
      "seller": "Fashionhub22",
      "brand": "HK FASHION",
      "highlights": [
        "Type: Shirt Fabric",
        "Sales Package: 1 shirt fabric",
        "Ideal For Men",
        "Occasion: Casual",
        "Fabric Care: Dry clean only",
        "Style Code: shirt1",
        " Color: Multicolor"
      ],
      "category": "Fashion",
      "addToCart": false
    },
    {
      "id": 39,
      "qty": 1,
      "name": "Women Regular Fit Black Viscose Rayon Trousers",
      "url": "https://rukminim1.flixcart.com/image/832/832/xif0q/trouser/z/s/w/free-12300-nest-original-imafsuksraxbqgx6-bb.jpeg?q=70",
      "listPrice": 1499,
      "sellingPrice": 699,
      "delivery": "Free delivery",
      "seller": "CLOUD STAR",
      "brand": "NEST",
      "highlights": [
        "Fit: Regular Fit",
        "Occasion: Casual",
        "Color: Black",
        "Pack of 1",
        "Type: Palazzos",
        "Suitable For Ethnic Wear",
        "Alteration Required: No"
      ],
      "category": "Fashion",
      "addToCart": false
    },
    {
      "id": 40,
      "qty": 1,
      "name": "Solid/Plain Bollywood Silk Blend Saree  (Red)",
      "url": "https://rukminim1.flixcart.com/image/832/832/kmxsakw0/sari/z/r/d/free-mahek-saree-ejoty-fashion-unstitched-original-imagfq7wzydrcsjx.jpeg?q=70",
      "listPrice": 4299,
      "sellingPrice": 799,
      "delivery": "Free delivery",
      "seller": "Dream Dresser",
      "brand": "Ejoty Fashion",
      "highlights": [
        "Style Code: mahek saree",
        "Pattern: Solid/Plain",
        "Pack of 1",
        "Secondary Color: None",
        "Occasion: Party & Festive",
        "Hand Embroidery: no",
        "Decorative Material: Ruffle, Sequinns"
      ],
      "description": "This saree from Ejoty Fashion has an exquisite sequinned pattern that can make heads turn at any social gathering. The sequinned border will help you shine in a crowd and ensure all eyes stay glued on you. This product has a solid colour theme that instantly gives you a classy look. Enhance your saree collection by bringing this product to your home.Avoid machine-washing or ironing this delicate saree to ensure the sequinned detail is not affected. Follow the care instructions that come with this saree to make it last longer. Dry cleaning lets the saree retain its lustre and allows the fabric to remain undamaged. Proper care ensures that the embellishments stay intact for a long time, so you can flaunt this glamorous look for several occasions.",
      "category": "Fashion",
      "addToCart": false
    },
    {
      "id": 41,
      "qty": 1,
      "name": "Men Printed Round Neck Dark Green T-Shirt",
      "url": "https://rukminim1.flixcart.com/image/832/832/xif0q/t-shirt/2/v/v/xl-aopleaffull-drgreen-urbano-fashion-original-imafvzqqbfbfvprv-bb.jpeg?q=70",
      "listPrice": 1099,
      "sellingPrice": 439,
      "delivery": "",
      "seller": "Urbano Fashion",
      "brand": "Urbano Fashion",
      "highlights": [
        "Care Instructions: Machine Wash",
        "Fit Type: Slim Fit",
        "Stylish & Trendy All-Over Printed Design; 100% Premium Cotton With Bio Wash - Feels Soft & Comfortable",
        "Round Neck ; Half Sleeve T-Shirt ; Slim Fit ; Regular Length ; Printed Pattern",
        "Perfect For Casual, Evening, Holiday & Party Wear",
        "Wash Care - Mild Wash ; Wash Dark Colors Separately ; Disclaimer - There May Be Slight Variation In Shade And Colour Due To Photographic Effects And Monitor Settings",
        "Collar Style: Collarless"
      ],
      "description": "This T-shirt for men has a round-neck design which gives it a laidback look and also makes it easy to wear.This full-sleeved T-shirt has soft cuffs that help you to push the sleeves up to any desired length. The cuffs ensure that the sleeves remain in place without slipping down.This men's T-shirt has carefully seamed edges. The stitching is durable and makes this T-shirt for men resistant to fraying.",
      "category": "Fashion",
      "addToCart": false
    },
    {
      "id": 42,
      "qty": 1,
      "name": "Urban Legends Men's Slim Fit Cargos (Green)",
      "url": "https://rukminim1.flixcart.com/image/832/832/k6jnfrk0/cargo/h/t/n/30-d1black-hymen-legions-original-imafhd2mmhfumfvu.jpeg?q=70",
      "listPrice": 1299,
      "sellingPrice": 485,
      "delivery": "",
      "seller": "Urban Legends",
      "brand": "Urban Legends",
      "highlights": [
        "Care Instructions: Machine Wash ",
        "Fit Type: Regular ",
        "Fabric: Cotton, Wash Care: Mild Wash ",
        "Style: Men's Cargo Pants, Pattern: Solid ",
        "Rise: Mid-rise, Closure: Zipper ",
        "Number of pockets: 6, Fit: Regular Fit ",
        "Occasion: Casual"
      ],
      "description": "These premium Men's 6 pocket cargo for men sit at the natural waist with a relaxed seat and thigh. These Stylish, Fashionable and Hi-quality cargo pants will keep you comfortable all day MAXIMUM STORAGE. Equipped with (6) pockets for maximum storage capacity. (2) cargo flap pockets, (2) slash pockets, and (2) back pockets with flaps - great for storing cell phones, wallets, tools, and other items PREMIUM CARGO STYLE. Made with premium materials for comfort, this classic cargo pant takes you from work and the outdoors, to everyday casual wear and are a perfect combination of trendy and comfort.DURABLE MATERIALS. These Mens Cargo Pants are Constructed from 100% cotton Twill, these pants are built to last while maintaining breath-ability and comfort. Comes with Brass Zippers for Classy Look.This is an Unique Design form the Amazon Bestselling Brand URBAN LEGENDS which is known for its Unique and Innovative products.",
      "category": "Fashion",
      "addToCart": false
    },
    {
      "id": 43,
      "qty": 1,
      "name": "Men Solid Polo Neck Black T-Shirt",
      "url": "https://rukminim1.flixcart.com/image/832/832/l3929ow0/t-shirt/4/5/y/xxl-238479008-jack-jones-original-imageetmdqamcq3n.jpeg?q=70",
      "listPrice": 1199,
      "sellingPrice": 479,
      "delivery": "",
      "seller": "Sunstar Apparels Private Limited",
      "brand": "Deniklo",
      "highlights": [
        "Care Instructions: Machine Wash ",
        "Fit Type: Regular Fit ",
        "Solid, Half sleeve Men's Polo shirt ",
        "Material - 100% Polyester ",
        "Made in India",
        "Occasion: Casual "
      ],
      "description": "Designed for a comfortable experience the short-sleeve t-shirt allows for a wider range of motion. The Moisture wicking fabric is quick-drying, & soft keeping you comfortable through any athletic activity.Made with high gauge knitted Polo Pique fabric the collection resonates the classic polos crafted with quality, durability, and style to look great and move with you throughout the day.",
      "category": "Fashion",
      "addToCart": false
    },
    {
      "id": 44,
      "qty": 1,
      "name": "Men Solid Polo Neck Grey T-Shirt",
      "url": "https://rukminim1.flixcart.com/image/832/832/l3929ow0/t-shirt/3/a/l/l-238479009-jack-jones-original-imageetmv49h8sgt.jpeg?q=70",
      "listPrice": 1199,
      "sellingPrice": 479,
      "delivery": "",
      "seller": "BEST UNITED INDIA COMFORTS PVT LTD",
      "brand": "JACK & JONES",
      "highlights": [
        "Care Instructions: Machine Wash",
        "Fit Type: Regular Fit",
        "Broader cut across the shoulders and sleeves",
        "Straight cut throughout the chest and waist",
        "Most suited for men with belly",
        "Designed for everyday wear, from the office to leisure",
        "Comes with a front pocket"
      ],
      "description": "Designed for a comfortable experience the short-sleeve t-shirt allows for a wider range of motion. The Moisture wicking fabric is quick-drying, & soft keeping you comfortable through any athletic activity.Made with high gauge knitted Polo Pique fabric the collection resonates the classic polos crafted with quality, durability, and style to look great and move with you throughout the day.",
      "category": "Fashion",
      "addToCart": false
    },
    {
      "id": 45,
      "qty": 1,
      "name": "Men Solid Polo Neck Black T-Shirt",
      "url": "https://rukminim1.flixcart.com/image/832/832/l12h1u80/t-shirt/7/n/x/3xl-mfk-8925-o-01-black-mufti-original-imagcpuzg5fbfxmj.jpeg?q=70",
      "listPrice": 1799,
      "sellingPrice": 882,
      "delivery": "Free delivery",
      "seller": "Classic Polo",
      "brand": "Classic Polo",
      "highlights": [
        "Care Instructions: Machine Wash",
        "Fit Type: Regular Fit",
        "Broader cut across the shoulders and sleeves",
        "Straight cut throughout the chest and waist",
        "Most suited for men with belly",
        "Designed for everyday wear, from the office to leisure",
        "Comes with a front pocket"
      ],
      "description": "Designed for a comfortable experience the short-sleeve t-shirt allows for a wider range of motion. The Moisture wicking fabric is quick-drying, & soft keeping you comfortable through any athletic activity.Made with high gauge knitted Polo Pique fabric the collection resonates the classic polos crafted with quality, durability, and style to look great and move with you throughout the day.",
      "category": "Fashion",
      "addToCart": false
    },
    {
      "id": 46,
      "qty": 1,
      "name": "POCO C55 (Cool Blue, 64 GB)  (4 GB RAM)",
      "url": "https://rukminim1.flixcart.com/image/832/832/xif0q/mobile/y/9/g/-original-imagnfzyhh8gz8sd.jpeg?q=70",
      "listPrice": 11999,
      "sellingPrice": 8999,
      "delivery": "Free delivery",
      "seller": "CLIENTEROecom",
      "highlights": [
        "4 GB RAM | 64 GB ROM | Expandable Upto 1 TB",
        "17.04 cm (6.71 inch) HD+ Display",
        "50MP Rear Camera | 5MP Front Camera",
        "5000 mAh Battery",
        "Mediatek Helio G85 Processor"
      ],
      "description": "The POCO C55 smartphone features a powerful MediaTek Helio G85 processor with 1 GHz of GPU enabling you with a smooth and hassle-free gaming experience or multitasking. This smartphone's leather-like texture with stitches on the panel gives it a classy look. The 50 MP dual camera featured in this smartphone has a night mode and HDR mode so you can capture life-like images. You can also enjoy long-lasting battery life with the 5000 mAh battery.",
      "category": "Mobiles",
      "addToCart": false
    },
    {
      "id": 47,
      "qty": 1,
      "name": "Google Pixel 6a (Charcoal, 128 GB)  (6 GB RAM)",
      "url": "https://rukminim1.flixcart.com/image/832/832/xif0q/mobile/s/y/0/-original-imaggbrbxkqr3v3u.jpeg?q=70",
      "listPrice": 43999,
      "sellingPrice": 27499,
      "delivery": "Free delivery",
      "seller": "Vision Star",
      "highlights": [
        "6 GB RAM | 128 GB ROM",
        "15.6 cm (6.14 inch) Full HD+ Display",
        "12.2MP + 12MP | 8MP Front Camera",
        "4410 mAh Battery",
        "Google Tensor Processor"
      ],
      "description": "Experience intuitiveness and enjoy seamless operation with smooth transition with the 5G-ready Google Pixel 6a that comes bundled with a myriad of innovative features. Powered by the Google Tensor processor built especially for Pixel enables you to experience seamless juggling and multitasking. Moreover, the powerful battery adapted into this phone gives enormous power to your phone allowing it to run for a prolonged period. Furthermore, with Face Unblur, Magic Eraser, Night Sight, and Real Tone features incorporated into this phone you can capture masterpieces and enjoy impeccable imagery.",
      "category": "Mobiles",
      "addToCart": false
    },
    {
      "id": 48,
      "qty": 1,
      "name": "POCO M4 Pro 5G (Cool Blue, 128 GB)  (8 GB RAM)",
      "url": "https://rukminim1.flixcart.com/image/832/832/l0igvww0/mobile/j/d/g/-original-imagcafg6hbeeqwf.jpeg?q=70",
      "listPrice": 21999,
      "sellingPrice": 15999,
      "delivery": "Free delivery",
      "seller": "Truenet Commerce",
      "highlights": [
        "8 GB RAM | 128 GB ROM | Expandable Upto 1 TB",
        "16.76 cm (6.6 inch) Full HD+ Display",
        "50MP + 8MP | 16MP Front Camera",
        "5000 mAh Battery",
        "Mediatek Helio 810 Processor"
      ],
      "description": "The POCO M4 Pro 5G, with 8 GB of RAM, a 6 nm Mediatek Dimensity 810 processor, and a Turbo RAM feature that can provide an additional 3 GB of RAM, is an intuitively designed phone for all your multitasking needs. Its attractive design ensures that this phone steals the spotlight wherever you take it. With a 16.76 cm (6.6) Smart display, a refreshing rate of 90 Hz, and a touch sampling rate of 240 Hz, this phone creates an engaging visual experience. This phone boasts a 5000 mAh battery that lasts for a substantial amount of time. Additionally, it comes with a 33 W rapid charging interface that charges your phone completely in around 60 minutes. This phone sports a 50 MP rear camera powered by AI and an 8 MP Ultrawide sensor that helps capture quality photographs.",
      "category": "Mobiles",
      "addToCart": false
    },
    {
      "id": 49,
      "qty": 1,
      "name": "APPLE iPhone 11 (White, 64 GB)",
      "url": "https://rukminim1.flixcart.com/image/832/832/k2jbyq80pkrrdj/mobile-refurbished/k/y/d/iphone-11-256-u-mwm82hn-a-apple-0-original-imafkg25mhaztxns.jpeg?q=70",
      "listPrice": 43900,
      "sellingPrice": 40999,
      "delivery": "Free delivery",
      "seller": "HydtelRETAILSsales",
      "highlights": [
        "64 GB ROM",
        "15.49 cm (6.1 inch) Liquid Retina HD Display",
        "12MP + 12MP | 12MP Front Camera",
        "A13 Bionic Chip Processor",
        "Mediatek Helio G85 Processor"
      ],
      "description": "he iPhone 11 boasts a gorgeous all-screen Liquid Retina LCD that is water resistant up to 2 metres for up to 30 minutes. Moreover, the ultra-wide 13 mm lens has a 120-degree field of view for four times more scenes, and the 26 mm wide lens provides up to 100% Autofocus in low light.",
      "category": "Mobiles",
      "addToCart": false
    },
    {
      "id": 50,
      "qty": 1,
      "name": "APPLE iPhone 14 Pro Max (Deep Purple, 128 GB)",
      "url": "https://rukminim1.flixcart.com/image/832/832/xif0q/mobile/6/x/j/-original-imaghxejqvpwfqh2.jpeg?q=70",
      "listPrice": 139900,
      "sellingPrice": 127999,
      "delivery": "Free delivery",
      "seller": "HydtelRETAILSsales",
      "highlights": [
        "128 GB ROM",
        "17.02 cm (6.7 inch) Super Retina XDR Display",
        "48MP + 12MP + 12MP | 12MP Front Camera",
        "A16 Bionic Chip, 6 Core Processor Processor"
      ],
      "description": "The phone comes with a 120 Hz refresh rate 6.70-inch touchscreen display offering a resolution of 2796x1290 pixels at a pixel density of 460 pixels per inch (ppi). The display sports Other for protection. iPhone 14 Pro Max is powered by a hexa-core Apple A16 Bionic processor. The iPhone 14 Pro Max supports wireless charging, as well as proprietary fast charging.",
      "category": "Mobiles",
      "addToCart": false
    },
    {
      "id": 51,
      "qty": 1,
      "name": "REDMI 10 (Pacific Blue, 64 GB)  (4 GB RAM)",
      "url": "https://rukminim1.flixcart.com/image/832/832/xif0q/mobile/m/q/e/-original-imagk4nz6xgtexam.jpeg?q=70",
      "listPrice": 14999,
      "sellingPrice": 9299,
      "delivery": "Free delivery",
      "seller": "EComyalgarTrade",
      "highlights": [
        "4 GB RAM | 64 GB ROM | Expandable Upto 1 TB",
        "17.02 cm (6.7 inch) HD+ Display",
        "50MP + 2MP | 5MP Front Camera",
        "6000 mAh Lithium Polymer Battery",
        "Qualcomm Snapdragon 680 Processor"
      ],
      "description": "Let go of the inhibitions and enjoy speed operation and flawless user experience with Redmi 10. This phone is powered by Snapdragon 680 processor with a savvy 6 nm architecture that makes juggling fun. This device is incorporated with 4 GB of RAM and 64 GB of internal storage that provides you with seamless efficiency. With the UFS 2.2 storage, you can experience an unmatched speed in the operation. This smartphone boasts a large 6000 mAh battery with an 18 W fast charging capability giving your phone a necessary boost to achieve optimal efficiency. With a mesmerising 17.04 cm (6.71) display and a 20.6:9 aspect ratio, Redmi 10 offers an immersive user experience. The Redmi 10 is equipped with a 50 MP camera and a 2 MP depth sensor allowing you to capture breathtaking pictures with enthralling imagery.",
      "category": "Mobiles",
      "addToCart": false
    },
    {
      "id": 52,
      "qty": 1,
      "name": "POCO C50 (Royal Blue, 32 GB)  (2 GB RAM)",
      "url": "https://rukminim1.flixcart.com/image/832/832/xif0q/mobile/t/a/x/-original-imaghmtch6qfmfxg.jpeg?q=70",
      "listPrice": 9999,
      "sellingPrice": 5749,
      "delivery": "Free delivery",
      "seller": "BUZZINDIA",
      "highlights": [
        "2 GB RAM | 32 GB ROM | Expandable Upto 512 GB",
        "16.56 cm (6.52 inch) HD+ Display",
        "8MP Dual Camera | 5MP Front Camera",
        "5000 mAh Lithium Polymer Battery",
        "Mediatek Helio A22 Processor, Upto 2.0 GHz Processor"
      ],
      "description": "Treat yourself to the POCO C50, which has a plethora of innovative capabilities, and take advantage of a seamless smartphone experience. With its 16.56 cm (6.52) broad display and 120 Hz touch sampling rate, this smartphone makes it simple to enjoy content and elevate your visual experience. Additionally, The POCO C50 enhances the experience in terms of shooting great photographs with an 8 MP main camera with a depth sensor. You can also capture captivating selfies with this phone's 5 MP front camera to increase your social media profile. Moreover, the C50 is designed to be safe and has a fingerprint sensor on the back and this phone's rear panel boasts a leather-like texture that gives off an opulent impression, enhancing its allure and elegance.",
      "category": "Mobiles",
      "addToCart": false
    },
    {
      "id": 53,
      "qty": 1,
      "name": "SAMSUNG Galaxy F13 (Sunrise Copper, 64 GB)  (4 GB RAM)",
      "url": "https://rukminim1.flixcart.com/image/832/832/xif0q/mobile/x/x/s/-original-imagfhu6dcpdnqkh.jpeg?q=70",
      "listPrice": 14999,
      "sellingPrice": 9699,
      "delivery": "Free delivery",
      "seller": "MYTHANGLORYRetail",
      "highlights": [
        "4 GB RAM | 64 GB ROM | Expandable Upto 1 TB",
        "16.76 cm (6.6 inch) Full HD+ Display",
        "50MP + 5MP + 2MP | 8MP Front Camera",
        "6000 mAh Lithium Ion Battery",
        "Exynos 850 Processor"
      ],
      "description": "Enjoy seamless connectivity and an uninterrupted movie marathon with the impressive Samsung Galaxy F13 that is designed specifically to impress the entertainment fanatics. This smartphone features a terrific 16.62 cm (6.6) FHD+ LCD Display that can effortlessly blow your mind with its incredible performance. Furthermore, this phone boasts a 50 MP Triple Camera setup that allows you to capture awesomeness with a gentle tap. Moreover, the Samsung Galaxy F13 sports up to 8 GB of RAM and features an innovative RAM plus technology that taps into the phone’s internal storage to elevate its performance. ",
      "category": "Mobiles",
      "addToCart": false
    },
    {
      "id": 54,
      "qty": 1,
      "name": "SAMSUNG Galaxy F23 5G (Forest Green, 128 GB)  (6 GB RAM)",
      "url": "https://rukminim1.flixcart.com/image/832/832/xif0q/mobile/o/p/z/-original-imagcg22pf79cgau.jpeg?q=70",
      "listPrice": 23999,
      "sellingPrice": 14999,
      "delivery": "Free delivery",
      "seller": "MYTHANGLORYRetail",
      "highlights": [
        "6 GB RAM | 128 GB ROM | Expandable Upto 1 TB",
        "16.76 cm (6.6 inch) Full HD+ Display",
        "50MP + 8MP + 2MP | 8MP Front Camera",
        "5000 mAh Lithium Polymer Battery",
        "Qualcomm Snapdragon 750G Processor"
      ],
      "description": "Bring home the efficient Samsung Galaxy F23 5G mobile phone that comes with a myriad of impeccable features, including fast operation, versatility, and flawless gaming experience. This phone comes with a 16.25 (6.4) Full HD+ Infinity-U Display with a refresh rate of up to 120 Hz so that you can enjoy smooth multitasking and vibrant visuals. Driven by a Snapdragon 750G processor, this mobile phone turns your gaming session intense and productive. Thanks to the Auto Data Switching feature of this phone, you can switch to a secondary SIM network when the primary SIM loses its network. Moreover, the integrated Power Cool technology of this phone allows your phone to stay cool well even when used for long hours.",
      "category": "Mobiles",
      "addToCart": false
    },
    {
      "id": 55,
      "qty": 1,
      "name": "Infinix HOT 20 Play (Luna Blue, 64 GB)  (4 GB RAM)",
      "url": "https://rukminim1.flixcart.com/image/832/832/xif0q/mobile/b/o/e/-original-imagkgrxzahq3egj.jpeg?q=70",
      "listPrice": 11999,
      "sellingPrice": 7449,
      "delivery": "Free delivery",
      "seller": "Flashstar Commerce",
      "highlights": [
        "4 GB RAM | 64 GB ROM | Expandable Upto 256 GB",
        "17.32 cm (6.82 inch) HD+ Display",
        "13Mp + AI Lens | 8MP Front Camera",
        "6000 mAh Li-ion Polymer Battery",
        "MediaTek G37 Processor"
      ],
      "description": "Enjoy life on a large screen with the Infinix HOT 20 Play smartphone. It features a 17.32 cm (6.82) Punch Hole display with a refresh rate of 90 Hz to offer an enchanting visual experience. Its 6000 mAh battery makes it powerful enough to last a long time. It also boasts an amazing camera that enables you to capture photos and memories in stunning detail.large 17.32 (6.82) Punch Hole display of the Infinix HOT 20 Play is both vivid and immersive. The display is surrounded by a thin bezel, thus maximising the screen size. Additionally, it features a 90 Hz refresh rate that makes scrolling, gaming, and watching videos and shows a fun, refreshing experience.The HOT 20 Play features a 6000 mAh battery to keep you going for a long time. Additionally, you can charge the phone quickly with the help of an 18 W charger.",
      "category": "Mobiles",
      "addToCart": false
    },
    {
      "id": 56,
      "qty": 1,
      "name": "LIBRA Cactus 120 Songs for Baby + Record Your Sound, Sing+Repeat+Dancing+LED Bluetech  (Green)",
      "url": "https://rukminim1.flixcart.com/image/832/832/kuwzssw0/musical-toy/m/1/c/dancing-cactus-toy-talking-repeat-singing-sunny-cactus-toy-120-original-imag7xj3eynssezu.jpeg?q=70",
      "listPrice": 1000,
      "sellingPrice": 447,
      "delivery": "Free delivery",
      "seller": "AgamiGroup",
      "highlights": [
        "Material: Plastic",
        "Battery Operated, 2 Battteries",
        "Age: 1+ Years"
      ],
      "description": "out this item Fun and lovely cactus plush toys, can dance, Bluetech sing, move. It's good for early education. With the singing and humorous dancing, children's attention will be aroused and joyness will be brought to them! Made of soft and comfortable plush fabric, colorless and tasteless, it is skin?friendly and is safe and hygienic. Cheerful music and dancing are great for Bluetech creating a pleasant ambience and for parties. Great gift, cactus plush toys are the best holiday and birthday gifts for children. Adults can also decompress.",
      "category": "Toys",
      "addToCart": false
    },
    {
      "id": 57,
      "qty": 1,
      "name": "Mayne Exceed Helicopter With Remote Control Charging Helicopter Toys For Boys  (Multicolor)",
      "url": "https://rukminim1.flixcart.com/image/832/832/xif0q/remote-control-toy/d/j/h/exceed-helicopter-with-remote-control-charging-helicopter-toys-original-imaggvq7vqxgvh9k.jpeg?q=70",
      "listPrice": 1699,
      "sellingPrice": 299,
      "delivery": "Free delivery",
      "seller": "MAYNEMEDIA",
      "highlights": [
        "Material: Plastic",
        "Battery Operated, 0 Battteries",
        "Rechargeable Batteries",
        "Width x Height: 8 cm x 10 cm",
        "Age: 8+ Years"
      ],
      "category": "Toys",
      "addToCart": false
    },
    {
      "id": 58,
      "qty": 1,
      "name": "TamBoora 3X3X3 SPEED CUBE HIGH STAYBILITY STICKER LESS SMOOTH SWING (1 Pieces)",
      "url": "https://rukminim1.flixcart.com/image/832/832/kikluvk0-0/puzzle/y/k/x/1-3x3x3-speed-cube-high-staybility-sticker-less-smooth-swing-for-original-imafybxtmp9c2zth.jpeg?q=70",
      "listPrice": 600,
      "sellingPrice": 132,
      "delivery": "",
      "seller": "THE FORESTTA",
      "highlights": [
        "Material: Plastic",
        "Age: 4+ Years",
        "Skillset: Analysis & Critical Thinking"
      ],
      "description": "out this item Fun and lovely cactus plush toys, can dance, Bluetech sing, move. It's good for early education. With the singing and humorous dancing, children's attention will be aroused and joyness will be brought to them! Made of soft and comfortable plush fabric, colorless and tasteless, it is skin?friendly and is safe and hygienic. Cheerful music and dancing are great for Bluetech creating a pleasant ambience and for parties. Great gift, cactus plush toys are the best holiday and birthday gifts for children. Adults can also decompress.",
      "category": "Toys",
      "addToCart": false
    },
    {
      "id": 59,
      "qty": 1,
      "name": "TITIRANGI 4 Pack 4WD Monster Truck Cars,Push and Go Toy Trucks Friction Powered Cars 4 Wheel Drive Vehicles for Toddlers Children Boys Girls Kids Gift-4PCS  (Multicolor)",
      "url": "https://rukminim1.flixcart.com/image/832/832/khuvxjk0-0/vehicle-pull-along/x/w/y/friction-powered-mini-monster-cars-for-kids-with-big-rubber-original-imafxruqgz7rw4xw.jpeg?q=70",
      "listPrice": 695,
      "sellingPrice": 288,
      "delivery": "Free delivery",
      "seller": "AgamiGroup",
      "highlights": [
        "Material: Plastic",
        "Non-battery Operated",
        "Non-rechargeable Batteries",
        "Width x Height: 15 cm x 10 cm",
        "Age: 3+ Years"
      ],
      "description": "Bright colors can help children's color discrimination Mini plastic body, resistant to drop. Inertial motion and shockproof. Can be given as a good gift to children. Exercising the flexibility and coordinated capacity of hands and eyes, encouraging kid's imagination. The car toy are great for kids, toddlers, girls, boys, Easter basket stuffers, birthday gifts, school classroom rewards, carnival prizes, pinata, stocking stuffers. Pull back vehicles - Bigger than other market mini cars. Unlike other plastic cars which is easy to break, our die-cast vehicles are made of premium quality alloy, it's safe and non-toxic, durable& sturdy, anti-wear& fall resistant. Pull Back and Go: Friction powered (no battery needed). Just pull it back and then the car will go automatically. It's easy to play for kids, and it will make an amazing time for parents to interact with toddlers.",
      "category": "Toys",
      "addToCart": false
    },
    {
      "id": 60,
      "qty": 1,
      "name": "Planet of Toys Heavy Duty Bow Arrow Set for Kids Age 5 -12 Years Outdoor Target Game Archery kit",
      "url": "https://rukminim1.flixcart.com/image/832/832/xif0q/toy-sport/w/t/u/5-pot-955-archery-kit-planet-of-toys-original-imagm2capfythf7g.jpeg?q=70",
      "listPrice": 999,
      "sellingPrice": 499,
      "delivery": "Free delivery",
      "seller": "PlanetOfToys",
      "highlights": [
        "Material: Plastic",
        "Width x Height: 30 cm x 15 cm",
        "Age: 5+ Years"
      ],
      "description": "Archery Set For Kids 4 To 14 Year Old | Bow AndArrow For Kids Planet Of Toys Archery Set For Kids Bow And Arrow Toys For Boys | Outdoor Bow Arrow Dhanush Baan Target Game For Kids. Bow and Arrow archery Set for kids offered by Planet of Toys will make your kids Buys Play outside in park and garden. This Archery bow and arrow setare made of high quality ABS materials, Which is non-toxic and sturdy. Also, we use suction cup arrows to ensure the safety of children. Brand New Archery Set for Kids will be the Idea gifts toys for boys & Girls on their birthdays, Vacation, Christmas, Dashara festivals. Bows and arrows for kids is easy to install and carry, it's convenient for outdoor/indoor play. Develops hand-eye co-ordination & sharpens shooting skills. Good exercise for the eyes helps to improve concentration in your kids.",
      "category": "Toys",
      "addToCart": false
    },
    {
      "id": 61,
      "qty": 1,
      "name": "FEDOY Pokemon TCG - Lost Origin Booster Cards Display Box (36 Booster Packs)  (Multicolor)",
      "url": "https://rukminim1.flixcart.com/image/832/832/xif0q/card-game/j/5/h/6-pokemon-sword-shield-lost-origin-booster-pack-playing-card-original-imaghs8kkm7rb7gq.jpeg?q=70",
      "listPrice": 3288,
      "sellingPrice": 870,
      "delivery": "Free delivery",
      "seller": "Buyerlook",
      "highlights": [
        "Age: 6+ Years",
        "Skill Set General Knowledge",
        "Battery: Operated No",
        "Character: Lost Origin",
        "Ideal for Boys, Girls",
        "Width: 66 mm",
        "Height: 88 mm"
      ],
      "description": "As the boundary between dimensions tears apart, Giratina VSTAR plunges the world into the abyssal shadow of the Lost Zone! While Aerodactyl VSTAR harnesses this distorted power, Magnezone, Drapion, Hisuian Goodra, and Hisuian Zoroark also appear as Pokémon VSTAR to show off their own astonishing skills, joined by Kyurem VMAX. Above the shadows, Enamorus V and Radiant Gardevoir conjure up dazzling magic in the Sword & Shield—Lost Origin expansion!",
      "category": "Toys",
      "addToCart": false
    },
    {
      "id": 62,
      "qty": 1,
      "name": "mattel GAMES Uno Original Card game  (Multicolor)",
      "url": "https://rukminim1.flixcart.com/image/832/832/kar44280/card-game/d/g/8/mattel-uno-playing-card-game-family-card-multicolour-108-cards-original-imafs92fxfzjfyhe.jpeg?q=70",
      "listPrice": 149,
      "sellingPrice": 134,
      "delivery": "Free delivery",
      "seller": "ORNATELYJASretail",
      "highlights": [
        "Age: 7+ Years",
        "Skill Set Social Skills, Attention Span Building, Analysis & Critical Thinking",
        "No of Players: 10",
        "Battery Type: No batteries",
        "Rechargeable: No",
        "Ideal for: Boys, Girls",
        "Number of Cards: 112",
        "Other Features: 112 Cards and Instructions"
      ],
      "description": "NO, a brilliant card game is right here for you from Mattel that makes your children interactive and also helps them to strategize every move while playing.Can Be Played By 10 Players.UNO is a game of fun and can be played by ten players who challenge each other and compete to emerge as winners.Can Be Played AnywhereYour.children will now beat boredom as this pack of UNO cards can be carried everywhere. This card assures a lively atmosphere.Build up your children's interpersonal skills and spend quality time by playing with them the fantastic game of UNO.",
      "category": "Toys",
      "addToCart": false
    },
    {
      "id": 63,
      "qty": 1,
      "name": "Viha fashion inline skate Skateboard | Skateboard|Casterboard|Cruiser Fibre Skateboard,  (Black)",
      "url": "https://rukminim1.flixcart.com/image/832/832/xif0q/skate/v/s/0/3-6-adjustable-aluminium-inline-skates-set-for-boys-kids-and-original-imagh86uchz55zfr.jpeg?q=70",
      "listPrice": 2199,
      "sellingPrice": 1690,
      "delivery": "Free delivery",
      "seller": " VIHA FASHION",
      "highlights": [
        "Width x Height: 80 cm x 66 cm",
        "PU, Steel",
        "Non Battery Operated",
        "Age: 3+ Years",
        "Type KidsScooter",
        "Ideal for Boys and Girls",
        "Assembly Required No"
      ],
      "description": "Inline Skates with PU Flashing Wheel Aluminum Body in-Line Skates with Adjustable Length for Age 10-16 Years The inline skate shoe size is adjustable Like Small To Big And Big to Small Low Rolling Resistance, Packed in attractive Color Box This Skate is a perfect gift for your kid. The super high rebound PU wheels hold up well against the normal wear and tear of skating and also provide great traction and control. It can expand up to four sizes that you will get multiple years of use out of these skates The inline skate shoe size is adjustable (8-14 Years) Not suitable for children below 3 years Premium Performance And Standard: - Enjoy your smooth, quite ride with high quality ABEC-7 bearings, 72mm polyurethane wheels, aluminum frame and premium stopper. Triple protection including laces, 45° Strap and high-strength buckle are sure to provide safe ankle support and protect you along the way.",
      "category": "Toys",
      "addToCart": false
    },
    {
      "id": 64,
      "qty": 1,
      "name": "Macros Premium Quality special combo in low budget for kids Baby Elephant, Balloon teddy, Duck, Rabbit (Pack of 4). Teddy bear - 25 cm  (Pink)",
      "url": "https://rukminim1.flixcart.com/image/832/832/knyxqq80/stuffed-toy/z/j/u/premium-quality-special-combo-in-low-budget-for-kids-baby-original-imag2j8whqcu8hkz.jpeg?q=70",
      "listPrice": 2049,
      "sellingPrice": 499,
      "delivery": "Free delivery",
      "seller": "Candy Crush",
      "highlights": [
        "Pack of 4",
        "Character: Elephant, Duck, Balloon Teddy, Rabbit",
        "Washable",
        "Age: 1+ Years"
      ],
      "description": "Make smile your loved ones by presenting them with a MACROS soft toy gift. This adorable MACROS soft toy has probably blown your mind away! This soft toy into their bedroom or study room will give them endless hours of fun-filled playtime. MACROS soft toy Crafted with perfection using the finest materials, good quality cotton fibre, best stitching finishing, Indonesian pole cloth, in this Soft Toy has striking features. Install a love for wildlife and introduce your children to the world Joy with this furry little plush soft toy. If you are searching Gift for your Loved ones. MACROS soft toy is the perfect for you. MACROS handmade soft toy assures quality product and packing.",
      "category": "Toys",
      "addToCart": false
    },
    {
      "id": 65,
      "qty": 1,
      "name": "Myhoodwink 2 in 1 MULTICOLOR Horsey Rocker Cum Ride On Toy for Kids Rideons & Wagons Non Battery Operated Ride On  (Multicolor)",
      "url": "https://rukminim1.flixcart.com/image/832/832/xif0q/electric-ride-on/q/b/3/pony-horse-rider-2-in-1-for-boys-and-girls-20-myhoodwink-original-imagh6g63gaggeau.jpeg?q=70",
      "listPrice": 1599,
      "sellingPrice": 502,
      "delivery": "Free delivery",
      "seller": "Myhoodwinkofficial",
      "highlights": [
        "Maximum User Weight: 20 kg",
        "Material: Plastic",
        "Delivery Condition: Non-assembled",
        "Model Number: Baby pony 2 in 1 swing rideon",
        "Type Rideons & Wagons"
      ],
      "description": "MYHOODWINK PRESENT Multi Colored PONY HORSE Ride On That Will Fascinate Your Kids. Has Comfortable Seat And Easy To Grip Handle That Will Provide Fun Play Time To Your Little One. It Is A Great Toy For Enhancing Arm & Leg Coordination And Balancing.It's strong, sturdy, and durable and runs with bearings. No pedal, no gears, no electricity is required to run this Ride-On Magic car, just rotate the steering left and right.",
      "category": "Toys",
      "addToCart": false
    }
  ]
}