{
  "Products": {
    "Appliances": [{
        "id": 1,
        "name": "BeethoSOL 80 cm (32 inch) HD Ready LED Smart Android TV  (LEDSTVBG3285HD27-EK)",
        "url": "https://rukminim1.flixcart.com/image/832/832/xif0q/television/u/2/8/-original-imaghy7kkmnmgra4.jpeg?q=70",
        "listPrice": 19000,
        "sellingPrice": 7500,
        "delivery": "Free delivery",
        "seller": "BeethoSOL",
        "highlights": {
          "first": "Supported Apps: Netflix|Prime Video|Disney+Hotstar|Youtube",
          "second": "Operating System: Android (Google Assistant & Chromecast in-built)",
          "third": "Resolution: HD Ready 1366 x 768 Pixels",
          "fourth": "Sound Output: 24 W",
          "fifth": "Refresh Rate: 60 Hz"
        },
        "description": "NA"
      },
      {
        "id": 2,
        "name": "KODAK 7XPRO Series 80 cm (32 inch) HD Ready LED Smart Android TV  (32HDX7XPRO)",
        "url": "https://rukminim1.flixcart.com/image/832/832/xif0q/television/f/u/j/-original-imaghqqmthxvdazs.jpeg?q=70",
        "listPrice": 18499,
        "sellingPrice": 9499,
        "delivery": "Free delivery",
        "seller": "OmniTechRetail",
        "highlights": {
          "first": "Supported Apps: Prime Video|Disney+Hotstar|Youtube",
          "second": "Operating System: Android (Google Assistant & Chromecast in-built)",
          "third": "Resolution: HD Ready 1366 x 768 Pixels",
          "fourth": "Sound Output: 24 W",
          "fifth": "Refresh Rate: 60 Hz"
        },
        "description": "Give a twist to your home entertainment experience by bringing home the Kodak Android TV. This TV offers a seamless viewing experience as it is powered by a quad-core processor and a powerful GPU. The powerful 24 W speakers and the rich display of this TV ensure that you can enjoy an immersive audio-visual experience at all times."
      },
      {
        "id": 3,
        "name": "Mi 5A 80 cm (32 inch) HD Ready LED Smart Android TV with Dolby Audio (2022 Model)",
        "url": "https://rukminim1.flixcart.com/image/832/832/l2ghgnk0/television/u/a/c/l32m7-5ain-mi-original-imagdsdwqf6bkmkz.jpeg?q=70",
        "listPrice": 24999,
        "sellingPrice": 11999,
        "delivery": "Free delivery",
        "seller": "OmniTechRetail",
        "highlights": {
          "first": "Supported Apps:  Netflix|Prime Video|Disney+Hotstar|Youtube",
          "second": "Operating System: Android (Google Assistant & Chromecast in-built)",
          "third": "Resolution: HD Ready 1366 x 768 Pixels",
          "fourth": "Sound Output: 24 W",
          "fifth": "Refresh Rate: 60 Hz"
        },
        "description": "You can enjoy your favourite movies, catch up on news, and binge-watch TV series on the Xiaomi L32M7-5AIN HD Smart TV. It features an elegant metal frame with a bezel-less design, allowing you to enjoy a widescreen view. In addition, this TV is sure to enhance your aural experience with Dolby Audio, which provides 20 W high-fidelity sound. Furthermore, boasting a HD display and wide colour gamut, this TV provides high-quality visuals."
      },
      {
        "id": 4,
        "name": "SAMSUNG 80 cm (32 Inch) HD Ready LED Smart Tizen TV with 2022 Model",
        "url": "https://rukminim1.flixcart.com/image/832/832/xif0q/television/m/n/p/-original-imagkzctc2gkvfgf.jpeg?q=7",
        "listPrice": 18900,
        "sellingPrice": 12499,
        "delivery": "Free delivery",
        "seller": "RetailNet",
        "highlights": {
          "first": "Supported Apps: Prime Video|Disney+Hotstar|Youtube",
          "second": "Operating System: Android (Google Assistant & Chromecast in-built)",
          "third": "Resolution: HD Ready 1366 x 768 Pixels",
          "fourth": "Sound Output: 24 W",
          "fifth": "Refresh Rate: 60 Hz"
        },
        "description": "With this Samsung TV, every image on the screen comes to life, giving you a home theatre experience. With the HD visual quality of this TV, you can enjoy vibrant movie scenes. Additionally, HDR increases the screen's brightness and brings out the subtleties of the material. Moreover, the Contrast Enhancer on this TV improves contrast and offers superb image quality with increased depth."
      },
      {
        "id": 5,
        "name": "Infinix Y1 80 cm (32 inch) HD Ready LED Smart Linux TV with Wall Mount ",
        "url": "https://rukminim1.flixcart.com/image/832/832/l572ufk0/television/e/f/g/32y1-32y1-infinix-original-imagfxczrxjjwxvf.jpeg?q=70",
        "listPrice": 16999,
        "sellingPrice": 8499,
        "delivery": "Free delivery",
        "seller": "Flashstar Commerce",
        "highlights": {
          "first": "Supported Apps: Prime Video|Disney+Hotstar|Youtube",
          "second": "Operating System: Android (Google Assistant & Chromecast in-built)",
          "third": "Resolution: HD Ready 1366 x 768 Pixels",
          "fourth": "Sound Output: 24 W",
          "fifth": "Refresh Rate: 60 Hz"
        },
        "description": "Bring home the Infinix 32Y1 Smart TV to experience infinite and uninterrupted visuals while watching movies, TV shows, sports, news or more. It features up to 250 Nits of the super bright panel, 1200 (Typ) contrast ratio and HLG support to ensure a fascinating viewing experience. Also, this TV comes with 20 W dual speakers and Dolby audio so that you can have a cinematic surround sound experience while watching movies or listening to music. Driven by a Quad-core processor, it renders a seamless TV watching experience. Furthermore, this Smart TV comes loaded with pre-installed streaming apps like Prime Video, Youtube, SonyLiv, and more to make your TV streaming experience more engaging. Finally, thanks to the innovatively designed remote control, you can effortlessly operate the hotkeys to switch on Youtube and Prime videos on it."
      }],
    "Books": [
      {
        "id": 1,
        "name": "Success Through a Positive Mental Attitude - The World-Famous Book That Could Be Worth Millions to You !  (English, Paperback, Hill Napoleon)",
        "url": "https://rukminim1.flixcart.com/image/832/832/kqidx8w0/book/q/z/c/success-through-a-positive-mental-attitude-original-imag4huvjkzz69uz.jpeg?q=70",
        "listPrice": 199,
        "sellingPrice": 112,
        "delivery": "",
        "author": "Hill Napoleon",
        "highlights": {
          "first": "Language: English",
          "second": "Binding: Paperback",
          "third": "Publisher: Fingerprint! Publishing",
          "fourth": "Genre: Self-Help",
          "fifth": "ISBN: 9789388369749, 9388369742",
          "sixth": "Edition: 2018",
          "seventh": "Pages: 320"
        },
        "description": "What the mind of man can conceive and believe—the mind of man can achieve . . .” By helping you recognize the important person that you are and making you believe that you can change your world, this book helps you discover and unleash the power of your mental attitude. It guides you through the secret of getting things done, motivating yourself, motivating others, finding satisfaction in your job, raising your energy level, enjoying a good and healthy life and attracting happiness. A timeless self-improvement classic, Success Through a Positive Mental Attitude has helped millions of people discover their hidden powers and achieve success. It continues to lead its readers towards their maximum potential."
      },
      {
        "id": 2,
        "name": "The Diary of a Young Girl The Definitive Edition of the Worlds Most Famous Diary",
        "url": "https://rukminim1.flixcart.com/image/832/832/ku5ufm80/book/f/2/v/the-diary-of-a-young-girl-the-definitive-edition-of-the-worlds-original-imag7c864spxmkyf.jpeg?q=70",
        "listPrice": 250,
        "sellingPrice": 232,
        "delivery": "Free delivery",
        "author": "Hill Napoleon",
        "highlights": {
          "first": "Language: English",
          "second": "Binding: Paperback",
          "third": "Publisher: Fingerprint! Publishing",
          "fourth": "Genre: Self-Help",
          "fifth": "ISBN: 9789388369749, 9388369742",
          "sixth": "Edition: 2018",
          "seventh": "Pages: 320"
        },
        "description": "What the mind of man can conceive and believe—the mind of man can achieve . . .” By helping you recognize the important person that you are and making you believe that you can change your world, this book helps you discover and unleash the power of your mental attitude. It guides you through the secret of getting things done, motivating yourself, motivating others, finding satisfaction in your job, raising your energy level, enjoying a good and healthy life and attracting happiness. A timeless self-improvement classic, Success Through a Positive Mental Attitude has helped millions of people discover their hidden powers and achieve success. It continues to lead its readers towards their maximum potential."
      },
      {
        "id": 3,
        "name": "71 Famous Scientists  (English, Paperback, unknown)",
        "url": "https://rukminim1.flixcart.com/image/832/832/k6b2snk0/book/7/4/3/71-famous-scientists-original-imafzsmp4vhxbjyg.jpeg?q=70",
        "listPrice": 250,
        "sellingPrice": 177,
        "delivery": "Free delivery",
        "author": "unknown",
        "highlights": {
          "first": "Language: English",
          "second": "Binding: Paperback",
          "third": "Publisher: V&S Publishers",
          "fourth": "Genre: Biography & Autobiography",
          "fifth": "ISBN: 9789350571743, 9789350571743",
          "sixth": "Edition: 2018",
          "seventh": "Pages: 160"
        },
        "description": "The book,71 Famous Scientists is an addition to the exclusive �71 Series',which includes a number of books,such as 71 Science Experiments,71+10 New Science Projects,71 + 10 New Science Projects Junior,71+10 New Science Activities,71+10 Magic Tricks for Children,etc.published by V&S Publishers and widely appreciated by our esteemed readers. It contains 71 world-renowned Scientists from across the globe,their brief life histories,contributions to the Scientific World including the books,journals and magazines that they have published,Awards and Honours received by them and any significant happenings that have changed the course of our lives.The book includes prominent names like,Albert Einstein,Alessandro Volta,Alexander Fleming,Alexander Graham Bell,Alfred Nobel,Avogadro,Anders Celsius,Andre Marie Ampere,Antonie van Leeuwenhoek and many such notable personalities. The book has been written especially for the school students of the age group,10-18 years,but can be read by readers of all ages,who love Science and its amazing and fascinating World of outstanding Inventions and Discoveries that have transformed the human society and our existence! So Dear Readers,grab the book at the earliest for it will educate and interest one and all! #v&spublishers"
      },
      {
        "id": 4,
        "name": "The Famous Five Collection 5  (English, Paperback, Blyton Enid)",
        "url": "https://rukminim1.flixcart.com/image/832/832/jz1l7rk0/book/1/7/6/the-famous-five-collection-5-original-imaerxe2sxfnuphp.jpeg?q=70",
        "listPrice": 749,
        "sellingPrice": 395,
        "delivery": "",
        "author": "Blyton Enid",
        "highlights": {
          "first": "Language: English",
          "second": "Binding: Paperback",
          "third": "Publisher: Hachette Children's Group",
          "fourth": "Genre: Juvenile Fiction",
          "fifth": "ISBN: 9781444910582, 1444910582",
          "sixth": "Edition: 2012",
          "seventh": "Pages: 592"
        },
        "description": "Julian, Dick, Anne, George and Timmy the dog find excitement and adventure wherever they go in Enid Blyton's most popular series. Five On A Treasure Island A shipwreck off Kirrin Island! But where is the treasure? The Famous Five are searching for clues - but they're not alone ... Someone else has joined the treasure hunt. Five Go Adventuring Again A thief at Kirrin Cottage! Who can it be? The Famous Five think they know - but they need proof! Then they find an old map and an unusual hiding place... Five Run Away Together Who's been on George's Island? And what is locked in the mysterious trunk hidden on Kirrin Island? The Famous Five think they're on the trail of smugglers - until they hear a child scream... This 70th anniversary edition features the Classic editions of the first three Famous Five adventures in one volume and contains the original cover art and inside drawings by Eileen Soper."
      },
      {
        "id": 5,
        "name": "World Famous Unsolved Mysteries 1 Edition  (English, Paperback, Dubey Abhay Kumar)",
        "url": "https://rukminim1.flixcart.com/image/832/832/l3j2cnk0/book/a/c/p/-original-imagemu7gqznex5b.jpeg?q=70",
        "listPrice": 195,
        "sellingPrice": 122,
        "delivery": "Free delivery",
        "author": "Dubey Abhay Kumar",
        "highlights": {
          "first": "Language: English",
          "second": "Binding: Paperback",
          "third": "Publisher:  V&S Publishers",
          "fourth": "Genre: Drama",
          "fifth": "ISBN:  9789381384329, 9789381384329",
          "sixth": "Edition: 1",
          "seventh": "Pages: 136"
        },
        "description": " If you are tired or bored with routine - or simply want to relax after busy work schedule, this book will prove the best companion. In fact, thrillers have always fascinated the young and old alike. There is no clear-cut demarcation line between myth and history, or between appearance and reality. Many mysteries have been solved but there are still many more which have remained unsolved and defied all rational explanations."
      }],
    "Electronics": [
      {
        "id": 1,
        "name": "ASUS TUF Gaming F15 Core i5 10th Gen - (8 GB/512 GB SSD/Windows 11 Home/4 GB Graphics/NVIDIA GeForce GTX 1650/144 Hz)",
        "url": "https://rukminim1.flixcart.com/image/832/832/l3rmzrk0/computer/s/z/r/-original-imagetgzg4pgszmt.jpeg?q=70",
        "listPrice": 70999,
        "sellingPrice": 49999,
        "delivery": "Free delivery",
        "seller": "TBL Online",
        "highlights": {
          "first": "NVIDIA GeForce GTX 1650",
          "second": "15.6 inch Full HD, IPS level, Aspect Ratio: 16:9, Anti-glare Display, Refresh Rate: 144 Hz, Viewing Angle: 170/170, Brightness: 250 nits, Contrast: 1000:1, 45% NTSC%, 62.5% SRGB%, 47.1% Adobe%,",
          "third": "Light Laptop without Optical Disk Drive"
        },
        "description": "Raise the thrill in every game and add a little style to your gaming setup with the Asus TUF Gaming F15 laptop. It is equipped with a 10th Gen Intel Core H-Series processor and GeForce GTX 1650 GPU so that you can experience fast-paced and smooth gaming. And, with the desktop-style Keyboard setup and integrated backlights, you can indulge in gaming for hours without getting bored."
      },
      {
        "id": 2,
        "name": "ASUS Vivobook 15 Core i3 11th Gen - (8 GB/512 GB SSD/Windows 11 Home)",
        "url": "https://rukminim1.flixcart.com/image/832/832/xif0q/computer/o/t/h/-original-imagg6t9pauha4t7.jpeg?q=70",
        "listPrice": 50990,
        "sellingPrice": 35990,
        "delivery": "Free delivery",
        "seller": "TBL Online",
        "highlights": {
          "first": "Stylish & Portable Thin and Light Laptop",
          "second": "15.6 Inch Full HD 16:9 Aspect ratio, LED Backlit, 200nits, 45% NTSC Color Gamut, Anti-glare display",
          "third": "Finger Print Sensor for Faster System Access",
          "fourth": "Light Laptop without Optical Disk Drive"
        },
        "description": "Raise the thrill in every game and add a little style to your gaming setup with the Asus TUF Gaming F15 laptop. It is equipped with a 10th Gen Intel Core H-Series processor and GeForce GTX 1650 GPU so that you can experience fast-paced and smooth gaming. And, with the desktop-style Keyboard setup and integrated backlights, you can indulge in gaming for hours without getting bored."
      },
      {
        "id": 3,
        "name": "ASUS VivoBook 14 (2021) Celeron Dual Core - (4 GB/256 GB SSD/Windows 11 Home)",
        "url": "https://rukminim1.flixcart.com/image/832/832/l2m78280/computer/z/e/f/-original-imagdx9szs8xz2rk.jpeg?q=70",
        "listPrice": 33990,
        "sellingPrice": 21990,
        "delivery": "Free delivery",
        "seller": "TBL Online",
        "highlights": {
          "first": "Stylish & Portable Thin and Light Laptop",
          "second": "14 inch HD 16:9 aspect ratio, 200nits, 45% NTSC color gamut, Anti-glare display",
          "third": "Finger Print Sensor for Faster System Access",
          "fourth": "Light Laptop without Optical Disk Drive"
        },
        "description": "The Asus VivoBook 14 laptop, which has a variety of captivating features, allows you to maintain your optimum performance and smoothly enjoy both work and pleasure. The NanoEdge display on this laptop gives it a huge screen area and an immersive viewing experience for both work and leisure. Furthermore, this laptop meets your demands for multitasking thanks to the Intel CPU. Additionally, this laptop provides both a lot of storage capacity and lightning-fast data speed thanks to its dual storage arrangement."
      },
      {
        "id": 4,
        "name": "RedmiBook Pro Core i5 11th Gen - (8 GB/512 GB SSD/Windows 11 Home)",
        "url": "https://rukminim1.flixcart.com/image/832/832/kuwzssw0/computer/x/l/a/redmibook-15-pro-thin-and-light-laptop-redmi-original-imag7xhnakyazyma.jpeg?q=70",
        "listPrice": 59999,
        "sellingPrice": 39990,
        "delivery": "Free delivery",
        "seller": "RetailNet",
        "highlights": {
          "first": "Stylish & Portable Thin and Light Laptop",
          "second": "15.6 inch Full HD Anti glare display, 81.8% Screen to Body ratio and DC Dimming",
          "third": "Light Laptop without Optical Disk Drive"
        },
        "description": "Equipped with the 11th Generation TigerLake Intel Core i5-11300H H35 processor, the RedmiBook Pro Notebook delivers superior performance. So, whether you want to use it for work or to watch videos or play games, this notebook helps meet all your computing requirements.Thanks to its 39.62 cm (15.6) anti-glare display, which boasts Full HD resolution, this notebook renders lifelike picture quality. This means that you can have a great visual experience while watching your favourite videos, movies, or while working on graphic-rich presentations."
      },
      {
        "id": 5,
        "name": "HP Victus Ryzen 5 Hexa Core 5600H - (8 GB/512 GB SSD/Windows 11 Home/4 GB Graphics/NVIDIA GeForce GTX 1650/144 Hz) ",
        "url": "https://rukminim1.flixcart.com/image/832/832/l5bd5zk0/computer/l/e/k/15-fb0040ax-gaming-laptop-hp-original-imaggyuezf9qtypd.jpeg?q=70",
        "listPrice": 77595,
        "sellingPrice": 54990,
        "delivery": "Free delivery",
        "seller": "IndiFlashMart",
        "highlights": {
          "first": "NVIDIA GeForce GTX 1650",
          "second": "15.6 Inch Full HD, 144 Hz, 9 ms response time, IPS, micro-edge, anti-glare, 250 nits, 45% NTSC",
          "third": "Light Laptop without Optical Disk Drive",
          "fourth": "Preloaded with MS Office"
        },
        "description": "Equipped with the 11th Generation TigerLake Intel Core i5-11300H H35 processor, the RedmiBook Pro Notebook delivers superior performance. So, whether you want to use it for work or to watch videos or play games, this notebook helps meet all your computing requirements.Thanks to its 39.62 cm (15.6) anti-glare display, which boasts Full HD resolution, this notebook renders lifelike picture quality. This means that you can have a great visual experience while watching your favourite videos, movies, or while working on graphic-rich presentations."
      }
    ],
    "Mobiles":[
      {
        "id": 1,
        "name": "POCO C55 (Cool Blue, 64 GB)  (4 GB RAM)",
        "url": "https://rukminim1.flixcart.com/image/832/832/xif0q/mobile/y/9/g/-original-imagnfzyhh8gz8sd.jpeg?q=70",
        "listPrice": 11999,
        "sellingPrice": 8999,
        "delivery": "Free delivery",
        "seller": "CLIENTEROecom",
        "highlights": {
          "first": "4 GB RAM | 64 GB ROM | Expandable Upto 1 TB",
          "second": "17.04 cm (6.71 inch) HD+ Display",
          "third": "50MP Rear Camera | 5MP Front Camera",
          "fourth": "5000 mAh Battery",
          "fifth": "Mediatek Helio G85 Processor"
        },
        "description": "The POCO C55 smartphone features a powerful MediaTek Helio G85 processor with 1 GHz of GPU enabling you with a smooth and hassle-free gaming experience or multitasking. This smartphone's leather-like texture with stitches on the panel gives it a classy look. The 50 MP dual camera featured in this smartphone has a night mode and HDR mode so you can capture life-like images. You can also enjoy long-lasting battery life with the 5000 mAh battery."
      },
      {
        "id": 2,
        "name": "Google Pixel 6a (Charcoal, 128 GB)  (6 GB RAM)",
        "url": "https://rukminim1.flixcart.com/image/832/832/xif0q/mobile/s/y/0/-original-imaggbrbxkqr3v3u.jpeg?q=70",
        "listPrice": 43999,
        "sellingPrice": 27499,
        "delivery": "Free delivery",
        "seller": "Vision Star",
        "highlights": {
          "first": "6 GB RAM | 128 GB ROM",
          "second": "15.6 cm (6.14 inch) Full HD+ Display",
          "third": "12.2MP + 12MP | 8MP Front Camera",
          "fourth": "4410 mAh Battery",
          "fifth": "Google Tensor Processor"
        },
        "description": "Experience intuitiveness and enjoy seamless operation with smooth transition with the 5G-ready Google Pixel 6a that comes bundled with a myriad of innovative features. Powered by the Google Tensor processor built especially for Pixel enables you to experience seamless juggling and multitasking. Moreover, the powerful battery adapted into this phone gives enormous power to your phone allowing it to run for a prolonged period. Furthermore, with Face Unblur, Magic Eraser, Night Sight, and Real Tone features incorporated into this phone you can capture masterpieces and enjoy impeccable imagery."
      },
      {
        "id": 3,
        "name": "POCO M4 Pro 5G (Cool Blue, 128 GB)  (8 GB RAM)",
        "url": "https://rukminim1.flixcart.com/image/832/832/l0igvww0/mobile/j/d/g/-original-imagcafg6hbeeqwf.jpeg?q=70",
        "listPrice": 21999,
        "sellingPrice": 15999,
        "delivery": "Free delivery",
        "seller": "Truenet Commerce",
        "highlights": {
          "first": "8 GB RAM | 128 GB ROM | Expandable Upto 1 TB",
          "second": "16.76 cm (6.6 inch) Full HD+ Display",
          "third": "50MP + 8MP | 16MP Front Camera",
          "fourth": "5000 mAh Battery",
          "fifth": "Mediatek Helio 810 Processor"
        },
        "description": "The POCO M4 Pro 5G, with 8 GB of RAM, a 6 nm Mediatek Dimensity 810 processor, and a Turbo RAM feature that can provide an additional 3 GB of RAM, is an intuitively designed phone for all your multitasking needs. Its attractive design ensures that this phone steals the spotlight wherever you take it. With a 16.76 cm (6.6) Smart display, a refreshing rate of 90 Hz, and a touch sampling rate of 240 Hz, this phone creates an engaging visual experience. This phone boasts a 5000 mAh battery that lasts for a substantial amount of time. Additionally, it comes with a 33 W rapid charging interface that charges your phone completely in around 60 minutes. This phone sports a 50 MP rear camera powered by AI and an 8 MP Ultrawide sensor that helps capture quality photographs."
      },
      {
        "id": 4,
        "name": "APPLE iPhone 11 (White, 64 GB)",
        "url": "https://rukminim1.flixcart.com/image/832/832/k2jbyq80pkrrdj/mobile-refurbished/k/y/d/iphone-11-256-u-mwm82hn-a-apple-0-original-imafkg25mhaztxns.jpeg?q=70",
        "listPrice": 43900,
        "sellingPrice": 40999,
        "delivery": "Free delivery",
        "seller": "HydtelRETAILSsales",
        "highlights": {
          "first": "64 GB ROM",
          "second": "15.49 cm (6.1 inch) Liquid Retina HD Display",
          "third": "12MP + 12MP | 12MP Front Camera",
          "fourth": "A13 Bionic Chip Processor",
          "fifth": "Mediatek Helio G85 Processor"
        },
        "description": "he iPhone 11 boasts a gorgeous all-screen Liquid Retina LCD that is water resistant up to 2 metres for up to 30 minutes. Moreover, the ultra-wide 13 mm lens has a 120-degree field of view for four times more scenes, and the 26 mm wide lens provides up to 100% Autofocus in low light."
      },
      {
        "id": 5,
        "name": "APPLE iPhone 14 Pro Max (Deep Purple, 128 GB)",
        "url": "https://rukminim1.flixcart.com/image/832/832/xif0q/mobile/6/x/j/-original-imaghxejqvpwfqh2.jpeg?q=70",
        "listPrice": 139900,
        "sellingPrice": 127999,
        "delivery": "Free delivery",
        "seller": "HydtelRETAILSsales",
        "highlights": {
          "first": "128 GB ROM",
          "second": "17.02 cm (6.7 inch) Super Retina XDR Display",
          "third": "48MP + 12MP + 12MP | 12MP Front Camera",
          "fourth": "A16 Bionic Chip, 6 Core Processor Processor"
        },
        "description": "The POCO C55 smartphone features a powerful MediaTek Helio G85 processor with 1 GHz of GPU enabling you with a smooth and hassle-free gaming experience or multitasking. This smartphone's leather-like texture with stitches on the panel gives it a classy look. The 50 MP dual camera featured in this smartphone has a night mode and HDR mode so you can capture life-like images. You can also enjoy long-lasting battery life with the 5000 mAh battery."
      },
      {
        "id": 6,
        "name": "REDMI 10 (Pacific Blue, 64 GB)  (4 GB RAM)",
        "url": "https://rukminim1.flixcart.com/image/832/832/xif0q/mobile/m/q/e/-original-imagk4nz6xgtexam.jpeg?q=70",
        "listPrice": 14999,
        "sellingPrice": 9299,
        "delivery": "Free delivery",
        "seller": "EComyalgarTrade",
        "highlights": {
          "first": "4 GB RAM | 64 GB ROM | Expandable Upto 1 TB",
          "second": "17.02 cm (6.7 inch) HD+ Display",
          "third": "50MP + 2MP | 5MP Front Camera",
          "fourth": "6000 mAh Lithium Polymer Battery",
          "fifth": "Qualcomm Snapdragon 680 Processor"
        },
        "description": "Let go of the inhibitions and enjoy speed operation and flawless user experience with Redmi 10. This phone is powered by Snapdragon 680 processor with a savvy 6 nm architecture that makes juggling fun. This device is incorporated with 4 GB of RAM and 64 GB of internal storage that provides you with seamless efficiency. With the UFS 2.2 storage, you can experience an unmatched speed in the operation. This smartphone boasts a large 6000 mAh battery with an 18 W fast charging capability giving your phone a necessary boost to achieve optimal efficiency. With a mesmerising 17.04 cm (6.71) display and a 20.6:9 aspect ratio, Redmi 10 offers an immersive user experience. The Redmi 10 is equipped with a 50 MP camera and a 2 MP depth sensor allowing you to capture breathtaking pictures with enthralling imagery."
      },
      {
        "id": 7,
        "name": "POCO C50 (Royal Blue, 32 GB)  (2 GB RAM)",
        "url": "https://rukminim1.flixcart.com/image/832/832/xif0q/mobile/t/a/x/-original-imaghmtch6qfmfxg.jpeg?q=70",
        "listPrice": 9999,
        "sellingPrice": 5749,
        "delivery": "Free delivery",
        "seller": "BUZZINDIA",
        "highlights": {
          "first": "2 GB RAM | 32 GB ROM | Expandable Upto 512 GB",
          "second": "16.56 cm (6.52 inch) HD+ Display",
          "third": "8MP Dual Camera | 5MP Front Camera",
          "fourth": "5000 mAh Lithium Polymer Battery",
          "fifth": "Mediatek Helio A22 Processor, Upto 2.0 GHz Processor"
        },
        "description": "Treat yourself to the POCO C50, which has a plethora of innovative capabilities, and take advantage of a seamless smartphone experience. With its 16.56 cm (6.52) broad display and 120 Hz touch sampling rate, this smartphone makes it simple to enjoy content and elevate your visual experience. Additionally, The POCO C50 enhances the experience in terms of shooting great photographs with an 8 MP main camera with a depth sensor. You can also capture captivating selfies with this phone's 5 MP front camera to increase your social media profile. Moreover, the C50 is designed to be safe and has a fingerprint sensor on the back and this phone's rear panel boasts a leather-like texture that gives off an opulent impression, enhancing its allure and elegance."
      },
      {
        "id": 8,
        "name": "SAMSUNG Galaxy F13 (Sunrise Copper, 64 GB)  (4 GB RAM)",
        "url": "https://rukminim1.flixcart.com/image/832/832/xif0q/mobile/x/x/s/-original-imagfhu6dcpdnqkh.jpeg?q=70",
        "listPrice": 14999,
        "sellingPrice": 9699,
        "delivery": "Free delivery",
        "seller": "MYTHANGLORYRetail",
        "highlights": {
          "first": "4 GB RAM | 64 GB ROM | Expandable Upto 1 TB",
          "second": "16.76 cm (6.6 inch) Full HD+ Display",
          "third": "50MP + 5MP + 2MP | 8MP Front Camera",
          "fourth": "6000 mAh Lithium Ion Battery",
          "fifth": "Exynos 850 Processor"
        },
        "description": "Enjoy seamless connectivity and an uninterrupted movie marathon with the impressive Samsung Galaxy F13 that is designed specifically to impress the entertainment fanatics. This smartphone features a terrific 16.62 cm (6.6) FHD+ LCD Display that can effortlessly blow your mind with its incredible performance. Furthermore, this phone boasts a 50 MP Triple Camera setup that allows you to capture awesomeness with a gentle tap. Moreover, the Samsung Galaxy F13 sports up to 8 GB of RAM and features an innovative RAM plus technology that taps into the phone’s internal storage to elevate its performance. "
      },
      {
        "id": 9,
        "name": "SAMSUNG Galaxy F23 5G (Forest Green, 128 GB)  (6 GB RAM)",
        "url": "https://rukminim1.flixcart.com/image/832/832/xif0q/mobile/o/p/z/-original-imagcg22pf79cgau.jpeg?q=70",
        "listPrice": 23999,
        "sellingPrice": 14999,
        "delivery": "Free delivery",
        "seller": "MYTHANGLORYRetail",
        "highlights": {
          "first": "6 GB RAM | 128 GB ROM | Expandable Upto 1 TB",
          "second": "16.76 cm (6.6 inch) Full HD+ Display",
          "third": "50MP + 8MP + 2MP | 8MP Front Camera",
          "fourth": "5000 mAh Lithium Polymer Battery",
          "fifth": "Qualcomm Snapdragon 750G Processor"
        },
        "description": "Bring home the efficient Samsung Galaxy F23 5G mobile phone that comes with a myriad of impeccable features, including fast operation, versatility, and flawless gaming experience. This phone comes with a 16.25 (6.4) Full HD+ Infinity-U Display with a refresh rate of up to 120 Hz so that you can enjoy smooth multitasking and vibrant visuals. Driven by a Snapdragon 750G processor, this mobile phone turns your gaming session intense and productive. Thanks to the Auto Data Switching feature of this phone, you can switch to a secondary SIM network when the primary SIM loses its network. Moreover, the integrated Power Cool technology of this phone allows your phone to stay cool well even when used for long hours."
      },
      {
        "id": 10,
        "name": "Infinix HOT 20 Play (Luna Blue, 64 GB)  (4 GB RAM)",
        "url": "https://rukminim1.flixcart.com/image/832/832/xif0q/mobile/b/o/e/-original-imagkgrxzahq3egj.jpeg?q=70",
        "listPrice": 11999,
        "sellingPrice": 7449,
        "delivery": "Free delivery",
        "seller": "Flashstar Commerce",
        "highlights": {
          "first": "4 GB RAM | 64 GB ROM | Expandable Upto 256 GB",
          "second": "17.32 cm (6.82 inch) HD+ Display",
          "third": "13Mp + AI Lens | 8MP Front Camera",
          "fourth": "6000 mAh Li-ion Polymer Battery",
          "fifth": "MediaTek G37 Processor"
        },
        "description": "Enjoy life on a large screen with the Infinix HOT 20 Play smartphone. It features a 17.32 cm (6.82) Punch Hole display with a refresh rate of 90 Hz to offer an enchanting visual experience. Its 6000 mAh battery makes it powerful enough to last a long time. It also boasts an amazing camera that enables you to capture photos and memories in stunning detail.large 17.32 (6.82) Punch Hole display of the Infinix HOT 20 Play is both vivid and immersive. The display is surrounded by a thin bezel, thus maximising the screen size. Additionally, it features a 90 Hz refresh rate that makes scrolling, gaming, and watching videos and shows a fun, refreshing experience.The HOT 20 Play features a 6000 mAh battery to keep you going for a long time. Additionally, you can charge the phone quickly with the help of an 18 W charger."
      }
    ],
    "Fashion": [
      {
        "id": 1,
        "name": "Men Printed Round Neck Dark Green T-Shirt",
        "url": "https://rukminim1.flixcart.com/image/832/832/xif0q/t-shirt/2/v/v/xl-aopleaffull-drgreen-urbano-fashion-original-imafvzqqbfbfvprv-bb.jpeg?q=70",
        "listPrice": 1099,
        "sellingPrice": 439,
        "delivery": "",
        "seller": "Urbano Fashion",
        "brand": "Urbano Fashion",
        "highlights": {
          "first": "Care Instructions: Machine Wash",
          "second": "Fit Type: Slim Fit",
          "third": "Stylish & Trendy All-Over Printed Design; 100% Premium Cotton With Bio Wash - Feels Soft & Comfortable",
          "fourth": "Round Neck ; Half Sleeve T-Shirt ; Slim Fit ; Regular Length ; Printed Pattern",
          "fifth": "Perfect For Casual, Evening, Holiday & Party Wear",
          "sixth": "Wash Care - Mild Wash ; Wash Dark Colors Separately ; Disclaimer - There May Be Slight Variation In Shade And Colour Due To Photographic Effects And Monitor Settings",
          "seventh": "Collar Style: Collarless"
        },
        "description": "This T-shirt for men has a round-neck design which gives it a laidback look and also makes it easy to wear.This full-sleeved T-shirt has soft cuffs that help you to push the sleeves up to any desired length. The cuffs ensure that the sleeves remain in place without slipping down.This men's T-shirt has carefully seamed edges. The stitching is durable and makes this T-shirt for men resistant to fraying."
      },
      {
        "id": 2,
        "name": "Urban Legends Men's Slim Fit Cargos (Green)",
        "url": "https://rukminim1.flixcart.com/image/832/832/k6jnfrk0/cargo/h/t/n/30-d1black-hymen-legions-original-imafhd2mmhfumfvu.jpeg?q=70",
        "listPrice": 1299,
        "sellingPrice": 485,
        "delivery": "",
        "seller": "Urban Legends",
        "brand": "Urban Legends",
        "highlights": {
          "first": "Care Instructions: Machine Wash ",
          "second": "Fit Type: Regular ",
          "third": "Fabric: Cotton, Wash Care: Mild Wash ",
          "fourth": "Style: Men's Cargo Pants, Pattern: Solid ",
          "fifth": "Rise: Mid-rise, Closure: Zipper ",
          "sixth": "Number of pockets: 6, Fit: Regular Fit ",
          "seventh": "Occasion: Casual"
        },
        "description": "These premium Men's 6 pocket cargo for men sit at the natural waist with a relaxed seat and thigh. These Stylish, Fashionable and Hi-quality cargo pants will keep you comfortable all day MAXIMUM STORAGE. Equipped with (6) pockets for maximum storage capacity. (2) cargo flap pockets, (2) slash pockets, and (2) back pockets with flaps - great for storing cell phones, wallets, tools, and other items PREMIUM CARGO STYLE. Made with premium materials for comfort, this classic cargo pant takes you from work and the outdoors, to everyday casual wear and are a perfect combination of trendy and comfort.DURABLE MATERIALS. These Mens Cargo Pants are Constructed from 100% cotton Twill, these pants are built to last while maintaining breath-ability and comfort. Comes with Brass Zippers for Classy Look.This is an Unique Design form the Amazon Bestselling Brand URBAN LEGENDS which is known for its Unique and Innovative products."
      },
      {
        "id": 3,
        "name": "Men Solid Polo Neck Black T-Shirt",
        "url": "https://rukminim1.flixcart.com/image/832/832/l3929ow0/t-shirt/4/5/y/xxl-238479008-jack-jones-original-imageetmdqamcq3n.jpeg?q=70",
        "listPrice": 1199,
        "sellingPrice": 479,
        "delivery": "",
        "seller": "Sunstar Apparels Private Limited",
        "brand": "Deniklo",
        "highlights": {
          "first": "Care Instructions: Machine Wash ",
          "second": "Fit Type: Regular Fit ",
          "third": "Solid, Half sleeve Men's Polo shirt ",
          "fourth": "Material - 100% Polyester ",
          "fifth": "Made in India",
          "sixth": "Occasion: Casual "
        },
        "description": "Designed for a comfortable experience the short-sleeve t-shirt allows for a wider range of motion. The Moisture wicking fabric is quick-drying, & soft keeping you comfortable through any athletic activity.Made with high gauge knitted Polo Pique fabric the collection resonates the classic polos crafted with quality, durability, and style to look great and move with you throughout the day."
      },
      {
        "id": 4,
        "name": "Men Solid Polo Neck Grey T-Shirt",
        "url": "https://rukminim1.flixcart.com/image/832/832/l3929ow0/t-shirt/3/a/l/l-238479009-jack-jones-original-imageetmv49h8sgt.jpeg?q=70",
        "listPrice": 1199,
        "sellingPrice": 479,
        "delivery": "",
        "seller": "BEST UNITED INDIA COMFORTS PVT LTD",
        "brand": "JACK & JONES",
        "highlights": {
          "first": "Care Instructions: Machine Wash",
          "second": "Fit Type: Regular Fit",
          "third": "Broader cut across the shoulders and sleeves",
          "fourth": "Straight cut throughout the chest and waist",
          "fifth": "Most suited for men with belly",
          "sixth": "Designed for everyday wear, from the office to leisure",
          "seventh": "Comes with a front pocket"
        },
        "description": "Designed for a comfortable experience the short-sleeve t-shirt allows for a wider range of motion. The Moisture wicking fabric is quick-drying, & soft keeping you comfortable through any athletic activity.Made with high gauge knitted Polo Pique fabric the collection resonates the classic polos crafted with quality, durability, and style to look great and move with you throughout the day."
      },
      {
        "id": 5,
        "name": "Men Solid Polo Neck Black T-Shirt",
        "url": "https://rukminim1.flixcart.com/image/832/832/l12h1u80/t-shirt/7/n/x/3xl-mfk-8925-o-01-black-mufti-original-imagcpuzg5fbfxmj.jpeg?q=70",
        "listPrice": 1799,
        "sellingPrice": 882,
        "delivery": "Free delivery",
        "seller": "Classic Polo",
        "brand": "Classic Polo",
        "highlights": {
          "first": "Care Instructions: Machine Wash",
          "second": "Fit Type: Regular Fit",
          "third": "Broader cut across the shoulders and sleeves",
          "fourth": "Straight cut throughout the chest and waist",
          "fifth": "Most suited for men with belly",
          "sixth": "Designed for everyday wear, from the office to leisure",
          "seventh": "Comes with a front pocket"
        },
        "description": "Designed for a comfortable experience the short-sleeve t-shirt allows for a wider range of motion. The Moisture wicking fabric is quick-drying, & soft keeping you comfortable through any athletic activity.Made with high gauge knitted Polo Pique fabric the collection resonates the classic polos crafted with quality, durability, and style to look great and move with you throughout the day."
      }
    ],
    "Toys": [
      {
        "id": 1,
        "name": "LIBRA Cactus 120 Songs for Baby + Record Your Sound, Sing+Repeat+Dancing+LED Bluetech  (Green)",
        "url": "https://rukminim1.flixcart.com/image/832/832/kuwzssw0/musical-toy/m/1/c/dancing-cactus-toy-talking-repeat-singing-sunny-cactus-toy-120-original-imag7xj3eynssezu.jpeg?q=70",
        "listPrice": 1000,
        "sellingPrice": 447,
        "delivery": "Free delivery",
        "seller": "AgamiGroup",
        "highlights": {
          "first": "Material: Plastic",
          "second": "Battery Operated, 2 Battteries",
          "third": "Age: 1+ Years"
        },
        "description": "out this item Fun and lovely cactus plush toys, can dance, Bluetech sing, move. It's good for early education. With the singing and humorous dancing, children's attention will be aroused and joyness will be brought to them! Made of soft and comfortable plush fabric, colorless and tasteless, it is skin?friendly and is safe and hygienic. Cheerful music and dancing are great for Bluetech creating a pleasant ambience and for parties. Great gift, cactus plush toys are the best holiday and birthday gifts for children. Adults can also decompress."
      },
      {
        "id": 2,
        "name": "Mayne Exceed Helicopter With Remote Control Charging Helicopter Toys For Boys  (Multicolor)",
        "url": "https://rukminim1.flixcart.com/image/832/832/xif0q/remote-control-toy/d/j/h/exceed-helicopter-with-remote-control-charging-helicopter-toys-original-imaggvq7vqxgvh9k.jpeg?q=70",
        "listPrice": 1699,
        "sellingPrice": 299,
        "delivery": "Free delivery",
        "seller": "MAYNEMEDIA",
        "highlights": {
          "first": "Material: Plastic",
          "second": "Battery Operated, 0 Battteries",
          "third": "Rechargeable Batteries",
          "fourth": "Width x Height: 8 cm x 10 cm",
          "fifth": "Age: 8+ Years"
        },
        "description": "NA"
      },
      {
        "id": 3,
        "name": "TamBoora 3X3X3 SPEED CUBE HIGH STAYBILITY STICKER LESS SMOOTH SWING (1 Pieces)",
        "url": "https://rukminim1.flixcart.com/image/832/832/kikluvk0-0/puzzle/y/k/x/1-3x3x3-speed-cube-high-staybility-sticker-less-smooth-swing-for-original-imafybxtmp9c2zth.jpeg?q=70",
        "listPrice": 600,
        "sellingPrice": 132,
        "delivery": "",
        "seller": "THE FORESTTA",
        "highlights": {
          "first": "Material: Plastic",
          "second": "Age: 4+ Years",
          "third": "Skillset: Analysis & Critical Thinking"
        },
        "description": "out this item Fun and lovely cactus plush toys, can dance, Bluetech sing, move. It's good for early education. With the singing and humorous dancing, children's attention will be aroused and joyness will be brought to them! Made of soft and comfortable plush fabric, colorless and tasteless, it is skin?friendly and is safe and hygienic. Cheerful music and dancing are great for Bluetech creating a pleasant ambience and for parties. Great gift, cactus plush toys are the best holiday and birthday gifts for children. Adults can also decompress."
      },
      {
        "id": 4,
        "name": "TITIRANGI 4 Pack 4WD Monster Truck Cars,Push and Go Toy Trucks Friction Powered Cars 4 Wheel Drive Vehicles for Toddlers Children Boys Girls Kids Gift-4PCS  (Multicolor)",
        "url": "https://rukminim1.flixcart.com/image/832/832/khuvxjk0-0/vehicle-pull-along/x/w/y/friction-powered-mini-monster-cars-for-kids-with-big-rubber-original-imafxruqgz7rw4xw.jpeg?q=70",
        "listPrice": 695,
        "sellingPrice": 288,
        "delivery": "Free delivery",
        "seller": "AgamiGroup",
        "highlights": {
          "first": "Material: Plastic",
          "second": "Non-battery Operated",
          "third": "Non-rechargeable Batteries",
          "fourth": "Width x Height: 15 cm x 10 cm",
          "fifth": "Age: 3+ Years"
        },
        "description": "Bright colors can help children's color discrimination Mini plastic body, resistant to drop. Inertial motion and shockproof. Can be given as a good gift to children. Exercising the flexibility and coordinated capacity of hands and eyes, encouraging kid's imagination. The car toy are great for kids, toddlers, girls, boys, Easter basket stuffers, birthday gifts, school classroom rewards, carnival prizes, pinata, stocking stuffers. Pull back vehicles - Bigger than other market mini cars. Unlike other plastic cars which is easy to break, our die-cast vehicles are made of premium quality alloy, it's safe and non-toxic, durable& sturdy, anti-wear& fall resistant. Pull Back and Go: Friction powered (no battery needed). Just pull it back and then the car will go automatically. It's easy to play for kids, and it will make an amazing time for parents to interact with toddlers."
      },
      {
        "id": 5,
        "name": "Planet of Toys Heavy Duty Bow Arrow Set for Kids Age 5 -12 Years Outdoor Target Game Archery kit",
        "url": "https://rukminim1.flixcart.com/image/832/832/xif0q/toy-sport/w/t/u/5-pot-955-archery-kit-planet-of-toys-original-imagm2capfythf7g.jpeg?q=70",
        "listPrice": 999,
        "sellingPrice": 499,
        "delivery": "Free delivery",
        "seller": "PlanetOfToys",
        "highlights": {
          "first": "Material: Plastic",
          "second": "Width x Height: 30 cm x 15 cm",
          "third": "Age: 5+ Years"
        },
        "description": "Archery Set For Kids 4 To 14 Year Old | Bow And Arrow For Kids Planet Of Toys Archery Set For Kids Bow And Arrow Toys For Boys | Outdoor Bow Arrow Dhanush Baan Target Game For Kids. Bow and Arrow archery Set for kids offered by Planet of Toys will make your kids Buys Play outside in park and garden. This Archery bow and arrow set are made of high quality ABS materials, Which is non-toxic and sturdy. Also, we use suction cup arrows to ensure the safety of children. Brand New Archery Set for Kids will be the Idea gifts toys for boys & Girls on their birthdays, Vacation, Christmas, Dashara festivals. Bows and arrows for kids is easy to install and carry, it’s convenient for outdoor/indoor play. Develops hand-eye co-ordination & sharpens shooting skills. Good exercise for the eyes helps to improve concentration in your kids."
      }
    ]
  },
  "user": [
    {
      "id": 1,
      "firstname": "Rahul",
      "lastname": "Lakhvara",
      "email": "rahullaxar&gmail.com",
      "password": "rahul123",
      "retypepassword": "rahul123"
    }
  ]
}